,data
0,0.2788867111216676
1,0.11015841453830172
2,0.019469313349888308
3,0.008186347525728329
4,0.4959398351265125
5,0.018007673572212987
6,0.007348318523685784
7,0.0023554788368970415
8,0.0020411058296954643
9,0.0026106187865381847
10,0.010361567901442157
11,0.017828759355304497
12,0.17219328006422177
13,0.17682087567968374
14,0.029800496403021525
15,0.009545064518867061
16,1.2500384932879414
17,0.03207201569124088
18,0.012713659685296022
19,0.0022794303056663623
20,0.0029148422518359674
21,0.004953620985989412
22,0.0013366835610107068
23,0.01601272478392398
24,0.028408041744167528
25,1.4536614943244683
26,0.2686233249463026
27,0.039684194168924464
28,0.0065628636921804834
29,1.2267753280236482
30,0.03126051074668485
31,0.017126350555628028
32,0.0033786353213587257
33,0.011187739040306026
34,6.165574470353548
35,0.0027828195903743
36,0.01976011019555113
37,0.23951942321976166
38,3.6797423348429423
39,0.5976065999008704
40,10.693182726952072
41,0.01321518231256564
42,0.9612413560728148
43,0.008426669774635954
44,0.020562584789116333
45,8.570236530390224
46,2.8555469315510225
47,6.200106798043145
48,0.0038569896643105162
49,0.02054648243212992
50,0.6374223751771446
51,3.679069829329388
52,0.599703142347555
53,10.695248853948062
54,3.596079835708812
55,0.9730765726525542
56,1.9008475528201276
57,3.7256695809081624
58,8.576163219342114
59,2.855691639087195
60,6.204882770511669
61,0.00608900302821917
62,0.014430720474927203
63,0.6386569280544514
64,3.6592416644485604
65,0.6020156585871793
66,10.698065838375639
67,3.594397476521355
68,0.1443595772327277
69,3.058590162383018
70,3.7272697894167357
71,8.573578341891658
72,2.8552163069621583
73,6.213579682774444
74,3.1923647687936194
75,0.0027907415298509654
76,0.01443378334126689
77,0.6415948716394165
78,3.653464116950374
79,2.8439598424138044
80,10.748189056611393
81,3.446841985053223
82,0.09193118462719409
83,3.0634125515651336
84,3.728847060815604
85,8.57555139132892
86,2.8508066357641293
87,6.213289959457478
88,3.2013591057907664
89,0.009662249992831695
90,0.0188973894176206
91,0.6479959065671808
92,3.022507759725328
93,4.490781123007031
94,10.750619225217996
95,3.451258022812307
96,3.716307602005931
97,6.853264112705739
98,7.409259356929884
99,9.811803760601029
100,2.8512446886510325
101,6.20834252886428
102,8.234621214178727
103,7.54479121751377
104,0.020975968212060662
105,0.6502408251474707
106,3.025669057032209
107,8.202611920971904
108,8.840449012214377
109,3.4516747113241633
110,4.643186291563935
111,7.127799202133193
112,7.6497804192309715
113,9.81608895326578
114,9.73953897514318
115,6.20905117034456
116,8.23510747500341
117,7.544753692311198
118,0.0015033545540976264
119,0.03248471808048107
120,0.8279152083698809
121,4.2698721511599365
122,8.20287801268106
123,8.839135726976282
124,4.6427211336689584
125,5.026424812502375
126,7.181063768159518
127,9.180724508391192
128,10.991225997403177
129,11.0124647955061
130,11.021604258478092
131,11.02385113022468
132,7.54472334011554
133,0.0026217717439290652
134,0.002480123656659436
135,0.5009551222477304
136,0.8284146930145271
137,4.318839804791662
138,8.20283424885749
139,8.839530978410988
140,5.180089050528031
141,6.401867343278635
142,7.624022878818724
143,10.996704571072126
144,11.000354883954296
145,11.012545456318286
146,11.02328853622513
147,11.030169369186277
148,11.019379827646747
149,5.267982470224764
150,0.0026296091745072266
151,8.230005351349734
152,0.823970791243515
153,5.630331277991909
154,8.200509314072436
155,8.837441955442829
156,5.1775225762106
157,6.40858030517408
158,7.625450484854165
159,10.99733256255317
160,10.999337486636085
161,9.710696864285158
162,11.022156971273441
163,11.029573109879992
164,11.023326442142821
165,10.361579456171706
166,0.004000396480367305
167,8.230315576124362
168,0.7742317134067092
169,5.6414689062138805
170,6.404626371941245
171,8.83373743923337
172,3.0537594729171835
173,6.093368745931148
174,7.61704033456281
175,10.995042081663764
176,9.509430023332117
177,8.923002689554895
178,11.019754919812355
179,11.029265797796475
180,11.023847714470554
181,10.370851313376036
182,9.51983905727459
183,2.699273638808503
184,0.5291091577716626
185,8.074182952947352
186,6.4035950465807
187,9.073609241448514
188,3.058278095738196
189,6.058177565083037
190,5.768069895815238
191,10.099884651022835
192,9.20956285552935
193,7.962195953597988
194,10.488641543977892
195,11.027182767802453
196,11.023338812431835
197,10.37138924147898
198,5.170744435020654
199,2.694439690678499
200,0.47454670813470967
201,8.063001155781715
202,3.4244633571914203
203,9.081583467765725
204,3.0570604360197624
205,4.5568495703055625
206,5.064194849727148
207,9.499852196474011
208,9.20261632023644
209,7.952555696825903
210,10.475895085659012
211,11.024806733559384
212,11.023477921608341
213,10.376812689532466
214,5.170328150408095
215,2.6923842073882893
216,0.06134550300819513
217,1.98527841787212
218,0.11063216645993622
219,9.07621672185761
220,3.055812125451724
221,4.566292167948915
222,5.04106023935973
223,9.484957929014431
224,9.191144240404688
225,7.293450521998177
226,10.47013279032094
227,11.023427377167916
228,11.024074100341288
229,11.036609012142824
230,6.666614969964982
231,2.6960898475057884
232,0.060873890354187395
233,2.063246705027642
234,0.14305476957233942
235,9.076431992053552
236,4.094462078626054
237,5.315988074624354
238,5.032264386550188
239,9.436198517200499
240,9.187530879610511
241,7.292284802134244
242,10.465840053626437
243,11.022992115387181
244,11.025083666796046
245,11.037152232770477
246,6.668130435439709
247,5.415150558685437
248,4.872763705532602
249,4.06494157172794
250,2.914311374845938
251,9.079467462975428
252,5.980281602772527
253,6.380962058832255
254,5.0649593733293266
255,9.43552243087853
256,9.18678447603265
257,7.293652222347007
258,10.465857624256733
259,11.023829605169231
260,11.029166060301238
261,11.036777662247811
262,0.0012682710627807633
263,0.01538390010620558
264,9.579693374530956
265,4.090173144840786
266,2.916878942315018
267,9.080163423942633
268,8.097658108888213
269,6.386697291639932
270,5.073187293231586
271,9.436298372405423
272,8.469989472834335
273,5.763590100941285
274,7.902624776193788
275,11.023980919870535
276,11.031711330110964
277,11.036529469785808
278,0.00225249609723014
279,0.0027395232522213803
280,9.592981426265878
281,4.086059213880514
282,2.9175365183117243
283,9.081035968640537
284,8.389502408366319
285,6.393304515207999
286,5.052340837871555
287,9.434831533983665
288,8.447694319012419
289,2.7956142244304116
290,7.184449594703422
291,8.010349276716585
292,9.440464000195796
293,8.470223978947972
294,0.0014331753274773736
295,0.003769551794618505
296,10.235567070642707
297,4.083550643173524
298,2.9166520474417728
299,9.077764826266392
300,8.397055333508941
301,6.014222497327963
302,4.593943432063864
303,9.432593411443204
304,8.451263906803858
305,2.7962599906196277
306,7.1767030111594785
307,4.152816189708846
308,9.328956356961546
309,0.005950533086594198
310,0.004448236477145371
311,10.235756707452307
312,4.23307744445951
313,2.9170237344588728
314,6.140164357908281
315,7.4870246968454435
316,5.9885162408781
317,4.57988288272665
318,9.422106854464989
319,0.060488610077666635
320,2.0753388018288375
321,1.1484370459921025
322,4.137904589273641
323,9.326497401445106
324,0.004586608317219785
325,0.00805953116483785
326,10.235733762101
327,4.236736681823617
328,2.9171938421389103
329,5.453231711555694
330,5.528348685467343
331,5.6169307769543275
332,1.683610377183265
333,9.425267058778234
334,0.04337823030438413
335,2.0363913486132286
336,1.1430735027995635
337,4.132514104449039
338,9.324742064287257
339,0.0033250623814288015
340,0.023493920112147328
341,10.235261939197622
342,4.237846169912395
343,2.9157328112331498
344,5.449055106146646
345,5.535954257429338
346,4.410058663636919
347,0.02154092088673781
348,9.431763422561477
349,0.041115942490881185
350,0.009690110997163116
351,0.0032733101644408973
352,0.0037088401673761595
353,0.004999160994987895
354,0.0013389360608871545
355,0.02365270987696168
356,10.232357251413177
357,4.239116028154916
358,2.915387780695712
359,5.448987234111494
360,5.808098387896656
361,4.709785283113452
362,3.3023888996958095
363,9.427969777109338
364,0.004856130415322826
365,0.0012957227921979284
366,0.0019048219435766633
367,0.0021453430568309133
368,0.002641612247320322
369,0.023023848173572243
370,10.229672471913757
371,4.239559658525417
372,2.9155528440531704
373,5.449490623120228
374,5.81047223807692
375,5.9172912172183585
376,3.3024449440182737
377,9.37269524709457
378,0.003455011908812657
379,0.0009090906330980462
380,0.0010073918327329254
381,0.0008542302801924185
382,0.0009811482290214574
383,0.021343693604549126
384,10.18922940318477
385,4.215474291491738
386,2.913176165448821
387,5.44363049841243
388,0.07031845890901588
389,5.887599483560376
390,0.03778755121913876
391,8.144580276344705
392,0.0026552091738492717
393,0.01828269796245202
394,0.07802280890416427
395,0.07007054441081426
396,0.09899614083479055
397,0.07593647166423365
398,0.035784687205963464
399,0.03377987272352997
400,0.01734240683840406
401,0.0807241277604146
402,0.010084843791597914
403,0.0377102026278566
404,0.0345572727265628
405,0.04667318700268013
406,0.037368912099368365
407,0.018444282223278215
408,0.018302198136847588
409,0.009773299029423576
410,0.037583365802391175
411,0.01256661164955718
412,0.01928238366713259
413,0.04708247737016765
414,0.004261060482114628
415,0.011879644474763277
416,0.008589053805779328
417,0.01464632669643003
418,0.005435465578777064
419,0.003150602328655398
420,0.004432332078581679
421,0.023215280595016353
422,0.1608408093326418
423,0.005347887383168692
424,0.004558212970851439
425,0.0049885401530209445
426,0.005429610013483133
427,0.020851685511521414
428,0.016929784140413268
429,0.07969544890257438
430,0.009763807366063408
431,0.004661877558049093
432,0.009541377443323524
433,0.005761145513139242
434,0.026286096042501712
435,3.607099529308376
436,0.006398871296948918
437,0.00798148981788699
438,0.009654310840127566
439,0.011727173027187357
440,0.40025661856136163
441,0.5132314541916906
442,3.9457101334985207
443,0.015897407359477773
444,0.005458800866575721
445,0.01904107320167339
446,0.02029354848713024
447,0.004799468614953711
448,0.005954850337558854
449,0.02799742754209076
450,4.084720797575449
451,8.154556700531884
452,7.114162114161322
453,0.9750448121931707
454,1.350598435672131
455,0.40537533817211063
456,7.933941131204898
457,5.70327630623741
458,3.490509483640276
459,0.006794542761541532
460,0.15426043045072182
461,0.013494604927639901
462,0.007162465855729242
463,2.818788438685692
464,2.9506049050021925
465,4.0820117438380485
466,8.157339156301232
467,7.6393637599230715
468,6.042313139891031
469,5.270712848311425
470,4.278038630811203
471,9.03094276407008
472,5.788537827412392
473,3.4969194746773398
474,0.5921288257104267
475,0.16404000505178362
476,0.038151937538579136
477,0.008104714172263643
478,3.1149988811982623
479,5.988424915104873
480,1.5612430305214218
481,7.79336495457419
482,7.642571737230803
483,6.052666662019227
484,6.088546617978064
485,6.811984043655609
486,9.032887447162427
487,9.031661676252595
488,3.4977315266917004
489,0.5930470647527998
490,0.16785077596850134
491,0.08759705000056137
492,0.010434506912889998
493,0.01129678451814832
494,3.1172378665977867
495,5.98703376953215
496,1.5589661165190671
497,7.758541472668146
498,7.642966374306872
499,6.05335130444507
500,6.090241702627506
501,6.817551587306377
502,9.034199562522973
503,9.037583071617554
504,3.4977793270561306
505,0.5918893754818978
506,0.17528117379172573
507,1.613209913224808
508,0.010775626523533007
509,8.152407679454761
510,3.683728204605669
511,5.975591417010079
512,3.659269110703314
513,7.756720304179478
514,7.642986136810542
515,6.054105881747486
516,6.091977597640322
517,8.956144369813076
518,9.034158484118873
519,9.038664836040898
520,3.4980678032396626
521,0.5914978110098459
522,0.1761333970596752
523,2.5136424462767013
524,0.011160325163068469
525,8.211485758796073
526,7.520752877856198
527,5.597204799270537
528,3.6868186206912146
529,7.760331597777273
530,7.45230820554103
531,6.0523188429875585
532,6.093535764962961
533,8.957149373749598
534,9.033649669985367
535,9.050324008887769
536,3.500764418938369
537,0.596899468106912
538,0.5787840029581437
539,0.026726576251770637
540,5.226020608787631
541,8.951538939724612
542,7.533129629861157
543,5.598602818867111
544,4.37153555951975
545,7.9349281978878174
546,7.441916456823787
547,6.0508931361049285
548,6.0894861285690745
549,8.033149221750042
550,9.02677532413777
551,9.051596437322509
552,3.522278802142428
553,0.5974271173223291
554,3.9353430889442262
555,1.380403281169155
556,4.9692806107762255
557,8.949496867014872
558,7.5272920677154085
559,5.5997761834467195
560,6.327127342854468
561,7.963421826874865
562,7.437127499183903
563,6.048516280772882
564,4.724169023355557
565,8.034866426274734
566,9.038574928546392
567,9.052913994507957
568,3.5223596635373333
569,0.6031750823927056
570,3.959009536455673
571,0.0008089798985163336
572,0.0251747013476106
573,7.028135589457335
574,7.499923575678902
575,4.069362379648409
576,6.3228230317444485
577,7.965209074336651
578,7.387615170101629
579,5.934829890538032
580,4.714474691680831
581,8.06123786722784
582,9.04054111323866
583,9.052399292644166
584,1.9120541260983748
585,0.6034624662237251
586,4.292592178637714
587,0.0002706700875433566
588,0.009912517830663256
589,7.008497569670873
590,7.498931824199579
591,4.021214173142148
592,5.904923397938857
593,7.9658475609043595
594,6.8840605915519895
595,5.547742097882784
596,4.7116749192203615
597,8.066455025884496
598,9.03850732561242
599,8.142589866931432
600,1.9049148446602455
601,0.5970829490989782
602,6.602242814608353
603,0.001195769313936374
604,0.02021271238225172
605,6.9986407790098495
606,8.312608172870043
607,4.029831251965332
608,5.90294267273394
609,7.966549602811144
610,6.8734494728142685
611,5.418670223911392
612,4.709142306915821
613,8.070398238722992
614,9.038237058186354
615,8.140856606641774
616,1.9039269403665888
617,0.5976983955995397
618,6.605015540644699
619,0.0030127419142389118
620,0.2396837884832236
621,6.996778251382193
622,8.411728212610212
623,5.646863736426149
624,5.896563890989567
625,7.806786263656695
626,5.552635768779804
627,5.400232431891545
628,3.128222876213464
629,8.070594297433445
630,9.039114636028827
631,8.139912872912202
632,1.9032102537477167
633,0.6040478496704366
634,9.046994267676473
635,0.013783505867884698
636,0.16287312581749233
637,1.9343073393624293
638,7.411237047942713
639,5.644106684384576
640,2.7607975842879564
641,6.760680153511436
642,5.546916471681808
643,5.364353174304783
644,3.1227627416333696
645,8.05326328366784
646,9.038889971395143
647,8.13895955759493
648,1.9031069329566335
649,2.2519061021747757
650,9.04654987975896
651,0.7427730655283575
652,1.9388560770230503
653,7.3899644278675565
654,5.642200243257284
655,2.7600520843519325
656,4.462403548377119
657,5.539679454026305
658,4.6200950264955045
659,3.1228800948735222
660,8.053497791287375
661,9.03888489643574
662,8.138762754367871
663,1.9040922544432757
664,2.4819173210140364
665,9.03242338064129
666,0.3479986216705009
667,1.9236364004184798
668,7.391412218764568
669,5.644504088436312
670,2.763519750841196
671,4.453447645123931
672,2.729865443117747
673,4.618245199497436
674,3.127516917775009
675,8.05359231177884
676,9.038948754564935
677,8.138799534206616
678,1.9070953448153931
679,3.375471908142173
680,9.029407466354193
681,0.009399789917623419
682,1.4754474688133132
683,7.398611200503798
684,6.201795271178417
685,2.761167296097557
686,3.466584212424524
687,2.717918048547849
688,4.608790581145756
689,3.3673518584157973
690,8.052044062658299
691,9.039335274156523
692,8.13879418683056
693,7.4304915221680075
694,9.040561194476876
695,9.026321395772486
696,2.3392798329085207
697,1.4964305857988063
698,7.9570828292704885
699,6.43839102912782
700,2.760039226309099
701,3.4677448621934537
702,2.719588499991361
703,2.5125653895293167
704,3.3924697471095375
705,8.048836530740832
706,9.040354474012032
707,8.138363641279552
708,7.430886872630989
709,9.041219386275555
710,9.016325789322655
711,2.305361792718523
712,1.4898220460628027
713,7.956664161772261
714,6.4405985024481005
715,2.7616750833654735
716,4.1054373577825265
717,2.7261586372992634
718,1.9215557592003365
719,3.4248223236932125
720,6.800954787226089
721,9.037061129410908
722,2.915565005880586
723,0.007949398211053924
724,0.005941833975710699
725,0.002478887993959338
726,2.2642404693532114
727,0.12018397201017103
728,7.684238674786407
729,6.434718553041306
730,2.7604452458901196
731,4.107216961616918
732,4.034584994323141
733,1.9072287830130679
734,5.974368226609614
735,0.011277446800322423
736,0.002412840262208666
737,0.0024946126481444554
738,0.0016996914811921405
739,0.0009096044264545553
740,2.2716412813483604
741,0.11868178733444329
742,7.6829979769534695
743,6.4332574559067925
744,2.7629562444682163
745,4.1120704593408925
746,4.043262723763307
747,1.900601173274529
748,5.973974285757329
749,0.009089856413605222
750,0.0008234103488552704
751,0.0008277785070838253
752,0.0005739820792909649
753,1.4204194246363882
754,0.11789638811612532
755,7.686992479428624
756,6.4321820492644255
757,2.9149952898624467
758,4.114227857586078
759,4.0386423226178305
760,1.922136433103654
761,5.979525209451948
762,0.009699490441595831
763,0.4739118673504069
764,0.1205058638489411
765,7.688777631101088
766,6.432183098232096
767,2.9180428148483375
768,4.113822690392608
769,4.031800151125823
770,0.9407079009386585
771,5.97877096002357
772,0.009916986567403705
773,0.4658854298546564
774,0.1485742904973594
775,7.688517641612319
776,6.432515765460062
777,2.913881258216929
778,4.034155300041648
779,4.03388310789823
780,0.9424040670774807
781,5.978811623477305
782,0.013425560445088492
783,0.4620301911646132
784,0.15455530819644267
785,7.687360145919365
786,6.433588296373154
787,2.9127740619780256
788,4.027181208529996
789,4.055238397037528
790,1.4578487594536769
791,5.979454125870769
792,0.017409071259335294
793,1.0375568429733033
794,0.15478991617750623
795,7.686143915552275
796,7.045698596804312
797,2.9128043455895485
798,4.026873193495412
799,4.080151145820506
800,3.88454240216316
801,6.068904093143287
802,0.03383489304117875
803,1.0317875045916391
804,0.1514672022722256
805,7.684177166995551
806,7.046600101361116
807,2.9122377880638517
808,4.0258502719887215
809,4.072495265569794
810,3.881381790308407
811,6.068391690751683
812,0.033716540632506946
813,0.9947438839711378
814,0.1470455843706836
815,7.681092228680775
816,7.044675093680609
817,2.9081245887591245
818,4.02119230507272
819,4.046942401531445
820,3.868583898411991
821,3.347591552528599
822,0.026427946170099418
823,0.9250912183276234
824,0.13312621754469897
825,7.669383631612562
826,7.035782094998568
827,2.892714284613833
828,4.0054654877038915
829,4.008387636242038
830,3.840057442660467
831,0.06431126280699706
832,0.010998156973861025
833,0.08994506076374875
834,0.044413599911728066
835,0.0957136028708882
836,0.07793412773160774
837,0.07879450245976345
838,0.07407099952482671
839,0.06488937426588065
840,0.07303460193217574
841,0.028608298818328312
842,0.11259465154425154
843,0.0665025491714356
844,0.012432466553408345
845,0.011036533369722221
846,0.016565561668982202
847,0.011246154599198437
848,0.18859129863041746
849,0.10943303983754434
850,0.0068702887255251465
851,0.00658142012855375
852,0.007602968649174506
853,0.006810664081976567
854,0.01993475710298814
855,0.01981125094282955
856,0.0332021881928128
857,0.019664194623253556
858,0.01173817002856029
859,0.01182398128874637
860,0.267676438856967
861,2.530772683875579
862,0.010596202472919336
863,0.01047137925606378
864,0.013750769213725074
865,0.01626311236838659
866,3.966152364984917
867,2.3596637014682846
868,1.5405198551096124
869,6.5121343176981945
870,0.877975415617288
871,0.021538376119750874
872,0.005931808358811713
873,0.37937127813511495
874,3.09355241809453
875,1.1229488348796237
876,1.4602239032074569
877,5.686380131589871
878,0.024836397975938198
879,3.9709816232863027
880,2.3627473333349966
881,1.5413712372175725
882,6.516207942502942
883,5.954531523215445
884,6.633968880720564
885,0.010105366099661731
886,1.1335870224984925
887,3.094300728237207
888,1.1312885678145275
889,1.4636916779187858
890,5.68976143467947
891,0.02515684551140575
892,3.492278342015461
893,2.363366999580998
894,1.540196226679241
895,6.517829991593481
896,5.9562935130003
897,6.677749436909089
898,0.23997015579292463
899,0.012401022639406342
900,2.2749728885300127
901,3.090018209883229
902,1.1317777770173671
903,1.1827486253835002
904,5.689279595998991
905,0.025224580336181936
906,3.488528442438815
907,2.365775789562417
908,1.540628373518596
909,6.5209702140186465
910,5.9567864967105955
911,6.6785397203342445
912,0.2938818056463493
913,0.012066548031378134
914,2.278416666905031
915,3.089930626640624
916,2.2545857267308222
917,1.182551132247015
918,5.692146761490557
919,0.026809063509153117
920,3.49170699974531
921,2.376550242239319
922,1.5400179703865142
923,6.6738231019965015
924,5.958447114122774
925,6.678503898620358
926,0.021726017759270598
927,0.0068960815444613615
928,1.1139341673061571
929,3.0904782940099325
930,2.2978289582200655
931,3.0096716125871863
932,5.7023861387358465
933,0.02811415817834458
934,3.4953904733220584
935,2.3811680606178545
936,1.5389336912638498
937,6.675097647825847
938,6.607004900463325
939,6.678914278523173
940,0.025217681565407865
941,0.004932686166023268
942,0.006276540958328986
943,1.1127987160852337
944,3.09455997965539
945,3.1988940338615457
946,3.011680460770736
947,5.70501679091505
948,0.030754959314068513
949,3.4980250936943937
950,2.646170771291377
951,1.9506847696223995
952,6.674858471379757
953,6.606917892944016
954,6.679613421401192
955,1.6438528545482687
956,0.01273613048289504
957,3.3332182883139767
958,2.9492480114904436
959,3.0939732145562053
960,3.312013094430627
961,3.0100618324914423
962,5.7031244980317135
963,1.0757205696761463
964,3.5869414267780413
965,2.6459767005200754
966,4.413404734411071
967,6.675536887503356
968,6.345661289246507
969,6.670793127618232
970,1.598084234342691
971,0.010849193246549703
972,0.040009813962936576
973,3.3364664544874
974,2.943554814825864
975,3.090234018423067
976,3.636168934717397
977,3.0165355222595576
978,5.709113086666232
979,1.089649851327079
980,4.025739600778515
981,2.6468921513892667
982,5.192574505398137
983,6.677428914792773
984,6.354024990982961
985,6.671135133859652
986,6.317333595987587
987,0.019671421784284174
988,4.548258684011592
989,3.337649561051379
990,0.7382636412939785
991,3.0910267347752063
992,3.636205189700414
993,3.1083063658522994
994,6.485189865054698
995,1.0883719522127329
996,4.364302551366006
997,5.420020740098307
998,6.651820712725893
999,6.677528007563963
1000,6.408126373029789
1001,5.022920819958651
1002,0.0006860593341289196
1003,0.05858421117702974
1004,4.558675346273402
1005,3.3372485351600147
1006,1.7542482015049718
1007,4.740590624936792
1008,3.631385140956532
1009,3.1178446918849763
1010,6.486313162966478
1011,1.0723095873698292
1012,4.346450017163614
1013,5.416663700292597
1014,6.653532729287668
1015,6.676935149035589
1016,6.407192473415864
1017,5.0178284953422905
1018,0.0007289873517893257
1019,3.84829955956279
1020,4.56275546436392
1021,2.465818967940455
1022,1.7683268159493353
1023,4.746717910454564
1024,3.6320475144022257
1025,3.9426077017106675
1026,6.491565971625305
1027,1.0716390146392232
1028,4.344173818151951
1029,5.415511683571004
1030,6.656978767329656
1031,6.677573175805942
1032,6.4073529939689795
1033,5.016623771786158
1034,5.603671912236069
1035,4.566660670667318
1036,2.463805021602942
1037,2.07396362518099
1038,4.748961033636253
1039,3.647630424762596
1040,4.318272718479397
1041,6.575165372184333
1042,1.0720288457713962
1043,4.343028435982457
1044,5.416107252607585
1045,6.661670165589115
1046,6.678469363897251
1047,6.407897183310952
1048,2.200272162032637
1049,5.608591984795354
1050,4.6116618985788715
1051,2.4655993024275973
1052,2.2726055152723355
1053,4.74771998231596
1054,3.648481737409802
1055,4.3163470961914685
1056,6.573701023003039
1057,1.0764407708019768
1058,5.804298645223776
1059,6.652353246467881
1060,6.662792583842059
1061,6.678059824037157
1062,6.408425090167961
1063,1.6158658737822011
1064,0.006488575168055493
1065,5.610700366275627
1066,4.3706272509328725
1067,2.4656788439474813
1068,2.2801203035953583
1069,3.569926755834673
1070,3.1158043272925933
1071,4.310345556614351
1072,6.515878530045473
1073,1.0865521534319458
1074,5.883175685154613
1075,6.652990935112998
1076,6.662038115829157
1077,6.6776905555691775
1078,6.413575624305953
1079,0.012662618179003824
1080,0.00890675906852423
1081,5.61120388601932
1082,3.6789493635826056
1083,2.470066490449866
1084,2.5076314206965558
1085,3.567600475576327
1086,1.3813236624080918
1087,4.306696802327816
1088,6.51201005173023
1089,1.0856179961750374
1090,5.456232466373769
1091,6.649942282518101
1092,6.661735219094037
1093,6.677140576089831
1094,6.415348794506446
1095,0.010188537235451604
1096,0.004939144074016451
1097,5.6097192520669195
1098,3.681545359590187
1099,3.2177711239519353
1100,2.7006067023693405
1101,3.8659765235480563
1102,1.3835651534819826
1103,4.307436214013841
1104,4.741242479378414
1105,1.0658368498090744
1106,4.874774848370747
1107,4.647326081497014
1108,2.727621219559246
1109,0.002073049052002083
1110,0.0026126306262517214
1111,0.0026570139526997005
1112,0.0038140153904825604
1113,5.610653636125755
1114,3.682499861352402
1115,3.2241809168350493
1116,2.708641949822718
1117,3.8780426271852906
1118,1.3859928481106543
1119,4.3190096681712635
1120,4.489801772404933
1121,1.9428545563068422
1122,2.0024755039444386
1123,0.001088682653217416
1124,2.724504184226685
1125,0.0011437818588987696
1126,0.0006861489311888991
1127,0.0006544598821623358
1128,0.003250906761118298
1129,5.62083552486865
1130,5.6117439135751574
1131,5.594298518265383
1132,2.9432308207669386
1133,4.540211415738895
1134,1.3879761619667854
1135,5.623883022770936
1136,4.4905999841507995
1137,4.916834766653431
1138,2.0021865920109176
1139,0.0038002878838234236
1140,2.726007459814039
1141,0.0013669600236193176
1142,0.0004632956021924838
1143,0.0072591404429425
1144,6.656443080794369
1145,5.616481633491136
1146,5.60734757672256
1147,3.204090509750361
1148,5.439023633888427
1149,1.7742851322409297
1150,5.63381312513193
1151,4.494350013272944
1152,5.834285362025834
1153,0.006491879031567155
1154,0.0032441703075763812
1155,2.7166622235545375
1156,0.0015020082260312872
1157,0.005507204262323685
1158,6.6489526169187565
1159,4.569711029279534
1160,5.767799549319966
1161,3.2058278658567745
1162,5.437023214564285
1163,1.7753303396472975
1164,5.632364148197815
1165,3.71337225185925
1166,5.837643736345915
1167,0.006430898431497022
1168,0.0015979283730396558
1169,0.0024567938757628187
1170,0.0013429201509500275
1171,0.004951687376640568
1172,6.643241883870701
1173,4.573481341422026
1174,5.769524898317878
1175,3.2071596017979473
1176,5.43274871171271
1177,1.7680568879292746
1178,5.632570047894822
1179,3.713475440001102
1180,6.611445250448443
1181,0.01844144594862398
1182,0.0020747471024735566
1183,0.002038826194702934
1184,0.0007575257921343454
1185,0.005334931071292972
1186,6.641707593457102
1187,4.603785830097588
1188,5.766384757720168
1189,3.213754721108059
1190,5.4409472615710515
1191,1.7672503752011293
1192,5.630969091270264
1193,3.7532040282146046
1194,6.613737914835204
1195,0.02530704078092702
1196,0.0029371955416129815
1197,0.001383301524368522
1198,0.004546510426008922
1199,6.618203984872089
1200,4.606774327012933
1201,5.764115565771289
1202,3.2169327718922913
1203,5.442500388421427
1204,1.762118005953598
1205,5.61603349568582
1206,3.7555571279589466
1207,6.613881811359147
1208,0.23005880708547716
1209,0.003051343767335799
1210,0.00383004990538388
1211,6.476890634422855
1212,3.2451500411179475
1213,5.249585705111053
1214,3.214888356212888
1215,5.432084937989935
1216,1.4716366599382793
1217,5.604776875526021
1218,3.7648188942646037
1219,6.616363264843101
1220,0.24709969432909246
1221,0.0017183445586330692
1222,0.003865259726016167
1223,6.474047792289942
1224,3.2394640570387754
1225,5.247336099392722
1226,3.216630661990017
1227,5.4269548097369915
1228,1.4667088440541955
1229,5.605264250242351
1230,3.7662946657129233
1231,6.615395210551243
1232,0.24923624103894362
1233,0.006505101182436641
1234,6.475555746048623
1235,3.2479714764181287
1236,5.247653496987379
1237,3.2692155847150284
1238,5.429014487353162
1239,4.024414195541725
1240,6.298511360974368
1241,3.766772628488936
1242,6.616724372957587
1243,0.2664867860553281
1244,4.334239204602854
1245,6.475652964814465
1246,3.2833892980339643
1247,5.247118878695921
1248,3.272280542270517
1249,5.429368105665016
1250,4.049644557292597
1251,6.312891485591732
1252,3.772815990453977
1253,6.618644500038264
1254,0.2684825870229703
1255,0.050777586755353175
1256,1.499414824413293
1257,0.047429576465082286
1258,0.0386215825615066
1259,0.0981277304440902
1260,0.03376151421462641
1261,0.08677924579553818
1262,0.0962496871392807
1263,0.3837835410952609
1264,0.06023504741241232
1265,0.1831724056540167
1266,0.09430313765437658
1267,0.07089812409311677
1268,0.030601366916563268
1269,0.02666473838903389
1270,0.03930664191419165
1271,0.02325412541303091
1272,0.042082524484189476
1273,0.0529167322270548
1274,0.04639563882645706
1275,0.03750851457679315
1276,0.12583675938179092
1277,0.03392577225695631
1278,0.015762767868359367
1279,0.013436161991174412
1280,0.019504373405427534
1281,0.012041377521447903
1282,0.021436786863248722
1283,0.026545163075144554
1284,0.023566764917076967
1285,0.018886733705213755
1286,0.005469863253894148
1287,0.004235709971364052
1288,0.012433424207819064
1289,0.020211163054902496
1290,0.005487462654213001
1291,0.0037356716205810066
1292,0.004083993964999208
1293,0.0029211502246614717
1294,0.004407211618811629
1295,0.008532900767176773
1296,0.0062280446026034345
1297,0.00692836624831703
1298,0.07659835164403139
1299,0.02026560297608222
1300,0.04253711296538635
1301,0.009805587322605062
1302,0.0059761657878501665
1303,0.006387733468295989
1304,0.004100422446110012
1305,0.007085012117690561
1306,0.009917120747736617
1307,0.006647303129388207
1308,0.011626819382052388
1309,0.7321907415046057
1310,0.004031694627207479
1311,0.024593158993681866
1312,3.3742063288430764
1313,0.05176422791105281
1314,0.010337761947883065
1315,0.009151791484050079
1316,0.004938030509314885
1317,0.009515144237794272
1318,0.010973905647286723
1319,0.006207554884473432
1320,0.015270427236514412
1321,0.7442862850639815
1322,0.006294391201873754
1323,0.027255930016265487
1324,3.376068264581997
1325,0.06715024677538012
1326,3.792898728137703
1327,2.5124990869246324
1328,0.006254340819311422
1329,0.01204147422264635
1330,0.011960441631378013
1331,0.0056202529318811825
1332,2.7709008578218834
1333,0.7499687874597303
1334,0.007623688735601592
1335,0.006134845804930586
1336,0.007479757478680007
1337,0.03201083791852878
1338,3.378606214108316
1339,1.7480296653197689
1340,3.796839417320239
1341,3.4156622170589226
1342,0.024071923536160167
1343,0.28623336648068454
1344,0.03275097667962797
1345,0.005952769665358046
1346,2.7741729894251157
1347,1.883522412219352
1348,0.010726664297652167
1349,0.00460985164651884
1350,0.011966407455113744
1351,3.5462959184195313
1352,3.388535179773845
1353,2.4468739291492376
1354,3.7972338381805044
1355,3.434307621675868
1356,3.038371640408457
1357,3.641387854890697
1358,3.2141491144282948
1359,0.55565423006668
1360,2.7723345663278316
1361,1.882367057863465
1362,3.8626504888677533
1363,0.007501523550295728
1364,0.024207592690775253
1365,0.004878636912825761
1366,0.013336829196846298
1367,3.5478511560058488
1368,3.3944607535225253
1369,3.1340863571016775
1370,3.7964364185502344
1371,3.434611781487343
1372,3.0378975292239043
1373,3.64214524667117
1374,3.214248518082422
1375,1.9140174812996076
1376,2.772130408072798
1377,1.8833303233637135
1378,3.8635786930185145
1379,0.005944826564356967
1380,0.041733482031282076
1381,0.007081566527433088
1382,0.024622387823136815
1383,3.548084449028631
1384,3.4023156020792755
1385,3.7996116493634142
1386,3.795219446019982
1387,3.434874480275266
1388,3.0371514093559493
1389,3.6410268032026414
1390,3.218845596136866
1391,1.9174376637844768
1392,2.770456988026378
1393,1.8829185841584422
1394,3.8620235026867804
1395,0.0035342111579756874
1396,0.05691635500001467
1397,0.025370644911256707
1398,0.055180501130127534
1399,3.547323720869593
1400,3.4020996706146
1401,3.8009072652992986
1402,3.79504558080536
1403,3.435596942961781
1404,3.014069678674605
1405,2.8689524455982185
1406,3.2670348904650366
1407,1.9184317396491928
1408,2.770004921400722
1409,3.726565131925081
1410,3.8602353595134207
1411,0.010433293595982279
1412,0.01970846751093388
1413,0.8583785383900928
1414,1.7303265774205516
1415,0.05478090832655412
1416,3.5454366873949708
1417,3.3999223511327585
1418,3.794583639043787
1419,3.797397820743606
1420,3.4362261522515003
1421,3.012855831538615
1422,2.8682399962733887
1423,3.266266258332872
1424,1.9162400820243877
1425,2.7700163906593445
1426,3.742906360102042
1427,0.7097192153192928
1428,0.0018217816266209658
1429,0.01535172471604926
1430,3.810002211255273
1431,1.2831501368578864
1432,0.05399909010989734
1433,3.5465359055086334
1434,3.4035443294871506
1435,3.4405533200468925
1436,3.800430527031075
1437,3.43329120662087
1438,3.013328616147917
1439,2.8812092525261606
1440,0.16992709633553182
1441,0.30119117913623417
1442,0.02008994335626196
1443,2.8412982920701415
1444,0.0023797205102378924
1445,0.0007796079441944866
1446,0.010443238112114965
1447,3.847888037916412
1448,1.2509856553069134
1449,1.1718695429439752
1450,3.6084409044406396
1451,3.8151810523933913
1452,3.4298179382141454
1453,3.800613308664857
1454,2.44603773905313
1455,3.0129230178817283
1456,2.573916491671785
1457,0.00582603107627062
1458,0.005850202111126914
1459,0.010757663313507373
1460,2.857958332875574
1461,0.002305346450256666
1462,0.009376679245061713
1463,3.8503741384383123
1464,1.2462588957449865
1465,1.2764110282636578
1466,3.6083030716547784
1467,3.8179702175721415
1468,3.430464796149867
1469,3.8021568383187097
1470,2.447233263193239
1471,3.7387982403110986
1472,2.5657462812845067
1473,0.005673538232280676
1474,0.005787721996930583
1475,0.0025244334851494844
1476,0.004133033552561
1477,0.0019706080846741475
1478,0.007626605509398953
1479,3.851215981076839
1480,1.2504726233190133
1481,1.2779651236882554
1482,3.605624136823666
1483,3.821510862115219
1484,3.4333194824945754
1485,3.8115483987547845
1486,2.8513102170205955
1487,3.8134034966870707
1488,2.5628511445997617
1489,0.006834699029233206
1490,0.008992497529060181
1491,0.6880161045068339
1492,0.0007357673296289692
1493,0.001322639041090838
1494,0.0031427753138287234
1495,3.851429692935854
1496,1.3730402980456735
1497,1.2890330997186712
1498,3.6066020383753283
1499,3.8225935886287434
1500,3.4413654759153687
1501,3.8123633203102956
1502,2.852579035496362
1503,3.8136887633527183
1504,2.400509804847015
1505,0.0054472052008921286
1506,0.008974933186354585
1507,0.6891900792684665
1508,0.0016896092781996858
1509,0.0007829275652397785
1510,0.0017153243664296343
1511,3.8509973847409236
1512,1.376594448866824
1513,1.2951730386082485
1514,3.6092436722041814
1515,3.816693746348088
1516,3.4435604453215123
1517,3.812356482011578
1518,2.853158833737462
1519,3.8140727325473853
1520,2.400159887955164
1521,0.00433414699133885
1522,0.005430241841702009
1523,0.6888530288394477
1524,0.004211112813050911
1525,0.001461813365644469
1526,3.8507631857725126
1527,1.39989998668928
1528,1.5290640450937185
1529,3.82517296795288
1530,3.813274237133508
1531,3.447493104623918
1532,3.8283756522549597
1533,2.85657528471061
1534,3.8179259311837317
1535,2.5872754798923707
1536,0.008161823652002353
1537,0.007045276746476183
1538,1.0645239263051836
1539,0.07868002825501927
1540,0.002088729191576293
1541,3.8504037293673186
1542,3.3156414472121996
1543,1.7171511139612128
1544,3.833769208112527
1545,3.8127072833332347
1546,3.447135074450039
1547,3.8283849018381093
1548,2.8562779188843304
1549,3.8165818485364
1550,2.591714459366084
1551,0.36298257765802483
1552,1.9168435038584593
1553,1.0651842962330575
1554,0.08055646974012516
1555,0.006480061348498697
1556,3.847738305541989
1557,3.289846453078177
1558,0.32421730598503296
1559,3.825021512154646
1560,3.8068608358433162
1561,0.7136623264716999
1562,3.2923525885177582
1563,0.28739588622832624
1564,1.1375156819750567
1565,2.5929168331003334
1566,0.36534184492605964
1567,1.9166256621662368
1568,1.0491768910963595
1569,0.05613916678071064
1570,0.010261318579927846
1571,0.9826555497010703
1572,0.07067269284089178
1573,0.32084300371074703
1574,2.9459605794528527
1575,3.800683685404477
1576,0.5468187286597885
1577,2.1202873700335454
1578,0.039713290169582895
1579,0.3785796562754268
1580,2.5919120481425963
1581,0.0070631966977839755
1582,0.08838807647622281
1583,0.005425371220077306
1584,0.009620439788371295
1585,0.9664109701188793
1586,0.07093269621650106
1587,0.3199431752815367
1588,2.9429158458895004
1589,3.797569057731443
1590,0.5429197013027198
1591,2.117303256130293
1592,0.03806380086445918
1593,0.35996619843996003
1594,0.7002182169051913
1595,0.0037894512473615376
1596,0.086570976785778
1597,0.004166826498301539
1598,0.9597431914953778
1599,0.0703888589913159
1600,0.31324351528564676
1601,1.590643797293968
1602,3.1810090645357776
1603,0.5383100885877234
1604,2.1146053368486233
1605,0.03698604576645567
1606,0.24011589027086702
1607,0.07623301380449309
1608,0.006545438812422676
1609,0.0867118117536503
1610,0.003917568523603354
1611,0.9381788231694551
1612,0.06837400598877856
1613,0.31101555634245537
1614,1.1742358039472698
1615,0.07445353106486917
1616,0.26361896019968833
1617,2.1049611322353408
1618,0.036188436026277915
1619,0.230109947983884
1620,0.029182374050105143
1621,0.007276636974567527
1622,0.08744076157062318
1623,0.004897618630516596
1624,0.3112027181388038
1625,0.06728862463053095
1626,0.3110306912952041
1627,1.165958053697239
1628,0.06745353289514862
1629,0.2557237965089819
1630,2.0988666600955574
1631,0.036153991239250345
1632,0.22935484050043195
1633,0.02732689041522062
1634,0.00422598854736431
1635,0.08748107633609167
1636,0.006209909497199743
1637,0.3066690105914021
1638,0.06772946495623972
1639,0.3106225361677383
1640,1.1611975939127728
1641,0.06690265316521923
1642,0.25512453312537897
1643,2.0962872125866694
1644,0.035821946473239774
1645,0.22898826302576378
1646,0.027839169818843115
1647,0.2041099725711324
1648,0.08956407577002246
1649,0.007055875121316974
1650,0.30382887914276013
1651,0.06828630703723271
1652,0.3110268305246061
1653,1.1595417179556466
1654,0.06804185004366775
1655,0.25374764683535267
1656,2.09385477323168
1657,0.03598561050573895
1658,0.22874938409246673
1659,0.028212471188276796
1660,0.21074987302034592
1661,0.09175806388336315
1662,0.007638210659635476
1663,0.05094123629736702
1664,0.06927593259463005
1665,0.48021301860549087
1666,1.1588060296779925
1667,0.06632329925368344
1668,0.24165800962952344
1669,2.0924615738895613
1670,0.0364460373497614
1671,0.22557263107725695
1672,0.02653588804491376
1673,0.2099032264745501
1674,0.09271738685045552
1675,0.007900908679816066
1676,0.04387015161479115
1677,0.07882080942420856
1678,2.4257104536201863
1679,1.1572230311246932
1680,0.046713546059866856
1681,0.23618030093148018
1682,2.0924744003232574
1683,0.03635388084277902
1684,0.21033904797648828
1685,0.0206627141785623
1686,0.018407770771629854
1687,0.08102881245233591
1688,0.006880485781505049
1689,0.03678271914511588
1690,0.07780844968723227
1691,2.4246516741129245
1692,1.1496172229691857
1693,0.036999389207929965
1694,0.2354609766688118
1695,2.092758724711285
1696,0.03535918783339113
1697,0.2049844806983831
1698,0.019428507951456165
1699,0.01740043814543896
1700,0.02793241097649976
1701,0.0035769421979061585
1702,0.021391412507356926
1703,0.0201996405539701
1704,0.029042698009644954
1705,0.024786515770923858
1706,0.03440208353689717
1707,0.2345968682503966
1708,2.0898607453041884
1709,0.03243650891222488
1710,0.20001919354019718
1711,0.01711641554109453
1712,0.014621543836874203
1713,0.021655199449725198
1714,0.008964304146130236
1715,0.007726308718617822
1716,0.01922416550160768
1717,0.01680437920940953
1718,0.02643003201640111
1719,0.026761070425435643
1720,0.022120207450408602
1721,0.02287048080901527
1722,0.0337536642647315
1723,0.012135247528595565
1724,0.006360549436010524
1725,0.010758343602302267
1726,0.009444984379738435
1727,0.008062299235405837
1728,0.010208684473000721
1729,0.018404740769907342
1730,0.014431603134546967
1731,0.01574877528059524
1732,0.024713815199200944
1733,0.005677960400301664
1734,0.00918463992688627
1735,0.00719901172141977
1736,0.007604588115728227
1737,0.012312859751656963
1738,0.020898936896948224
1739,0.01348850606163827
1740,0.012859205930656106
1741,0.008435514187650341
1742,0.0046454005264950325
1743,0.004893032160980004
1744,0.0058053765508675375
1745,0.0045476588201648
1746,0.0047093092749696365
1747,0.11176214938318513
1748,0.03469085473340345
1749,0.020613452149037752
1750,0.01130629781879445
1751,0.019824099602104534
1752,0.012161148207935287
1753,0.005787068477823657
1754,0.006716447646371433
1755,0.008915468443665236
1756,0.0069176334303658075
1757,0.007157418846396888
1758,0.0014797320736668082
1759,0.0014959123089089146
1760,0.0011048182426236016
1761,0.001081669992308253
1762,0.13842197191625183
1763,0.044321525583789635
1764,0.02422848340900622
1765,0.01778734906595454
1766,0.02465945152541973
1767,0.014644022566139413
1768,0.006168660918124295
1769,0.008457535060330333
1770,0.015890578783918377
1771,0.012098494250895056
1772,0.010519894745756741
1773,0.0015187083693471548
1774,0.0017658950025673033
1775,0.0016733888641303186
1776,0.002007342380594461
1777,0.5961592511435129
1778,3.808806871412447
1779,0.09292560294093366
1780,1.5953817242342558
1781,2.0391704144556755
1782,3.560416421677363
1783,3.0766265768127044
1784,3.766791142738024
1785,3.7853710136214045
1786,3.6728186052241014
1787,0.413188093398936
1788,0.003262361877693848
1789,0.0025018657575354027
1790,0.002488870837393424
1791,0.0031670133373766047
1792,0.0013276844294331529
1793,0.041520704535433106
1794,3.8194757862208704
1795,3.034785053364157
1796,1.6104838883037613
1797,3.1375209906373125
1798,3.714326275279439
1799,3.7987739885197973
1800,3.8044359360823896
1801,3.7878004787981205
1802,3.675794659626822
1803,0.4150245568725245
1804,0.008218191678319126
1805,0.003332690398064588
1806,0.10907979524978781
1807,1.023147252767135
1808,0.0027201240256416194
1809,0.0036415842510044245
1810,3.8208177100214487
1811,3.0420171021823434
1812,1.6127337513157698
1813,3.1425809638948734
1814,3.728185557198524
1815,3.7994128795886284
1816,3.8055136571243477
1817,3.794182816774263
1818,3.810435705667405
1819,1.042127821301705
1820,0.010236203244053013
1821,0.00554295505871173
1822,3.380229744844
1823,1.0297001359232565
1824,0.003481487427822251
1825,0.0032592345609965237
1826,3.820486370695486
1827,3.047240483617888
1828,1.6145738978519732
1829,3.143776097366476
1830,3.728907552981587
1831,3.7955290200268257
1832,3.803444906908319
1833,3.8089224416710703
1834,3.8157290779830504
1835,1.0478936822654272
1836,1.904465552617597
1837,3.639174670074546
1838,3.3919468783158644
1839,3.8317624285627288
1840,0.03090215458839431
1841,0.0021652329323424346
1842,3.8159431762700193
1843,3.0377920053811227
1844,1.6123457894386986
1845,3.1411921831656806
1846,2.6352037361687466
1847,3.255511564929145
1848,3.40425392008212
1849,3.806937657638998
1850,3.8141792718183507
1851,1.0480385124341056
1852,1.9067558361521935
1853,3.639738781681619
1854,3.3875256304579304
1855,3.8314548795842542
1856,0.03173013483243456
1857,0.0027091417181288077
1858,0.0022354254531690453
1859,3.8145699407326723
1860,2.5874367123054425
1861,1.6125474271448075
1862,3.1399868618551867
1863,2.628523283681044
1864,3.2556694613454416
1865,2.9207264358622425
1866,3.2925421517327127
1867,2.1743016251071308
1868,0.9769657598882644
1869,0.08758027535179544
1870,3.173434515500078
1871,2.4656593496613386
1872,3.829201125253479
1873,3.782084490938639
1874,0.0050652947485777845
1875,0.00419935460036153
1876,3.814887097376309
1877,2.5847659467726567
1878,1.957451066422436
1879,3.1393009908718623
1880,2.613462416598183
1881,3.253591661001712
1882,2.917401948854676
1883,3.290042466359577
1884,2.172393195473839
1885,0.9755724677131742
1886,0.08747186562783814
1887,3.172705260536939
1888,2.4641380275090374
1889,3.82861971295609
1890,3.822757969799953
1891,0.017557904433072105
1892,0.007136909115929521
1893,3.8144303266584725
1894,0.005857659927572303
1895,1.9530728753301827
1896,1.498918327177728
1897,2.5788576616263863
1898,2.253310354390874
1899,2.8893045261416725
1900,3.278539906286048
1901,2.1699100506877462
1902,0.9760471211655865
1903,0.43093397267381184
1904,3.178785700429117
1905,2.4641290435187018
1906,3.8296622884816287
1907,3.8318779116736845
1908,0.007387422441099642
1909,0.02531900751055167
1910,3.813882278190159
1911,0.003796635352737284
1912,0.013760494027196035
1913,1.4978136556806858
1914,2.5782676047376993
1915,0.1925311729916451
1916,1.2507336430777725
1917,2.451220116464303
1918,0.41444623378600487
1919,0.9761900195626513
1920,0.4604427407684584
1921,3.1810238741659242
1922,2.46546465413581
1923,3.8314529135802706
1924,3.8315172595741633
1925,0.007573199487982553
1926,0.10473136406996199
1927,3.8135587636745174
1928,0.008162981063212171
1929,0.011881146522200677
1930,1.4974459706540633
1931,2.573907141829114
1932,0.19015048893697206
1933,1.2086956468883976
1934,2.4469785775551673
1935,0.410197139215357
1936,0.9753184474592023
1937,0.4657747872335398
1938,3.1821364054066
1939,2.902720088301925
1940,3.8334531974903463
1941,1.7091509466453556
1942,0.003068433577846933
1943,0.13038074990958742
1944,3.8135094132540632
1945,0.017882745726960678
1946,0.010214000795584682
1947,1.4954059354287452
1948,0.4133081801364844
1949,0.18776862939370947
1950,1.2024875324075504
1951,2.442630798741032
1952,0.40719169240377173
1953,0.9741545486744222
1954,0.4691602453888929
1955,3.182327810061441
1956,2.9049479303332877
1957,3.833039307072277
1958,0.00593919505635752
1959,0.0035276576672364853
1960,0.04197390074901745
1961,3.8128074581366143
1962,0.024261288433256336
1963,0.01163538705224855
1964,1.4966940070541093
1965,0.40972647095922926
1966,0.16200746948350842
1967,0.22990947147579505
1968,2.4395159398985418
1969,0.40557567178922926
1970,0.9713081351976807
1971,0.46879206248122285
1972,3.169312612737814
1973,0.4822953024495636
1974,0.004607203077056794
1975,0.003120766275728017
1976,0.018068257726486393
1977,3.812276000881497
1978,0.7280901770726439
1979,0.7790173619945231
1980,2.1432989039267123
1981,0.41193442143699993
1982,0.15319126548235307
1983,0.2190569670828784
1984,2.4385822231378254
1985,0.40503152347232835
1986,0.9699980689782232
1987,0.4686406485495877
1988,3.165420573779628
1989,0.03703301844513679
1990,0.004509468199721579
1991,0.0013777800376091537
1992,0.015058336239858526
1993,3.81193331513639
1994,0.7389326998929862
1995,0.7817638586088211
1996,2.154145000147829
1997,0.4589069214475999
1998,0.1515251915158315
1999,0.21655540578609006
2000,2.4374498045590816
2001,0.4043368135229364
2002,0.9710901838896788
2003,1.8196580515933045
2004,3.1652977520503054
2005,0.03764695572858348
2006,0.0050011090689661055
2007,0.01719671785363712
2008,3.811335987223649
2009,0.739600138240547
2010,0.7789373891829372
2011,2.135971503299226
2012,0.45948419030882653
2013,0.15035648458687115
2014,0.21495308003220015
2015,2.4359368782275896
2016,0.40329877892049465
2017,0.9717823519044477
2018,1.818776787791034
2019,3.1633848448904285
2020,0.03885256673947099
2021,0.0063134886274211766
2022,0.015848638335662045
2023,3.809696214406062
2024,0.06765592609407758
2025,0.07659592540830548
2026,0.04457376539101443
2027,0.0750964260484947
2028,0.14836540609453114
2029,0.21240662708966804
2030,2.4323743179611004
2031,0.40048498156257695
2032,0.9711024330489805
2033,1.660442136341254
2034,3.161508563800457
2035,0.03857514417002013
2036,0.006189924608668543
2037,0.011824060300011962
2038,3.807596467845033
2039,0.057441643619506384
2040,0.07420326364054311
2041,0.04222545656564765
2042,0.06751835017968115
2043,0.14528928787642328
2044,0.18835716587275197
2045,2.4211783357268475
2046,0.3971174445911564
2047,0.966794195527553
2048,1.6554289914871743
2049,3.160594310141555
2050,0.03487168778348175
2051,0.0034130964851580643
2052,0.010918295273405957
2053,3.8061378624727045
2054,0.05625774049088106
2055,0.07336658183170161
2056,0.04341810183448707
2057,0.06793417847879717
2058,0.14264367783465498
2059,0.18330828367229302
2060,2.41859203434239
2061,0.3959047748568679
2062,0.9587165738994391
2063,1.6503232702458481
2064,3.159280292460199
2065,0.022507055972645608
2066,0.017791504230119333
2067,3.805257322283394
2068,0.0567326433868784
2069,0.07423423131943914
2070,0.045864650622528085
2071,0.06998354381857795
2072,0.1412222838575789
2073,0.18279968940257904
2074,2.4171793637106997
2075,0.395616848326377
2076,0.9580531915603441
2077,1.6507703021201037
2078,3.158190563882067
2079,0.020004157276571274
2080,0.016764067477505036
2081,3.8032067904381925
2082,0.05614906213713253
2083,0.07635444098447332
2084,0.04623141034790426
2085,0.07025405510824494
2086,0.13953298311750578
2087,0.18240430756036424
2088,2.4100326958337863
2089,0.39434512013805345
2090,0.9566936150663448
2091,1.650306059906174
2092,3.1561795680306908
2093,0.016051130840136055
2094,0.006224967267464444
2095,3.770060283234746
2096,0.056438854827920285
2097,0.1282158403989312
2098,0.04655159158424622
2099,0.06841917755051519
2100,0.10093604382427665
2101,0.1798559336394991
2102,2.368775172723105
2103,0.03840487543751813
2104,0.1279530637641656
2105,0.00628114460042657
2106,0.09139370783347577
2107,0.008210957038400045
2108,0.007666034313935345
2109,3.7681313873673528
2110,0.060207614449689376
2111,1.1490426411878654
2112,0.04838921306789506
2113,0.06769530736962054
2114,0.0659709751297009
2115,0.17774169129883602
2116,2.36935808281514
2117,0.036081823389143404
2118,0.11753992392726047
2119,0.0055401676783076
2120,0.09064580906521512
2121,0.005640219050146064
2122,0.051774959170413345
2123,3.767081952257357
2124,0.061270510979959524
2125,1.1512353175449037
2126,0.049926877432275245
2127,0.07170597044705675
2128,0.062000581796709316
2129,0.1749133940338893
2130,2.3696131554861526
2131,0.03702766066382834
2132,0.12449610630834687
2133,0.18223468249665267
2134,0.09273345839243535
2135,0.0049333345793392425
2136,0.03304775035429734
2137,3.7613229317141244
2138,0.06328528676468104
2139,1.1520560138461515
2140,0.050027974093161114
2141,0.08541476748575565
2142,0.06124547031568659
2143,0.17466651232990918
2144,2.370611292007266
2145,0.04106861226039084
2146,2.8878518166510436
2147,0.18620757396894042
2148,0.2654922806964922
2149,0.004979101897627065
2150,0.023431613257564467
2151,0.04120228248678258
2152,0.06096871891979284
2153,1.1469922406117805
2154,0.028365073197671117
2155,0.0831758016293566
2156,0.04934851563070624
2157,0.17486528635086304
2158,2.3715563989791666
2159,0.040766638132700525
2160,2.8884197985498865
2161,0.18550774756138577
2162,0.2653812574157112
2163,0.003973706888054606
2164,0.022918688103621777
2165,0.021587282843917234
2166,0.01849750650790037
2167,0.010893620082930003
2168,0.014704510596275443
2169,0.03358651194354005
2170,0.1745632911470623
2171,2.3714750600716044
2172,0.036949633830939195
2173,0.004766212531911286
2174,0.011423451873048482
2175,0.03296570966928168
2176,0.010502426716563443
2177,0.009954765703886242
2178,0.008321668338153735
2179,0.005443610033126781
2180,0.010773754213483906
2181,0.02654726537141187
2182,0.12630312448194025
2183,2.3657457689678085
2184,0.03421624078363126
2185,0.0038385904481825486
2186,0.008518291982484189
2187,0.012485231431274762
2188,0.006073401179795804
2189,0.021595371141286186
2190,0.03962809802762183
2191,0.059914916824675715
2192,0.027879274133051503
2193,0.0022404967576242405
2194,0.004517502358794415
2195,0.01105470136301223
2196,0.018352177287629737
2197,0.025403697443031836
2198,0.01386213328708316
2199,0.09475813612524984
2200,0.13403408783096382
2201,0.35248252082283954
2202,0.16541280902639838
2203,0.1093640001621145
2204,0.06640645888723835
2205,0.028269180840935163
2206,0.05097773629257892
2207,0.03264429683931652
2208,0.1700694260726749
2209,0.276913331352849
2210,0.8235014415091336
2211,0.49711988345745034
2212,0.21258585451154205
2213,0.12282806042196327
2214,0.04817838073105342
2215,0.08678874442784335
2216,0.05700543203490785
2217,10.114807159467599
2218,2.758205224643374
2219,5.046006457092363
2220,1.415349434463169
2221,1.7189511692369412
2222,1.4350440162917957
2223,0.08430992463660025
2224,4.716388175619806
2225,0.09054166269107858
2226,0.013167339612019598
2227,10.14555644338482
2228,2.76418252709231
2229,5.050904978618209
2230,1.4190580800629677
2231,1.726043083103939
2232,1.4423946345269398
2233,0.11035973412440844
2234,4.740289336188076
2235,7.118490408005573
2236,0.023077970221596064
2237,10.171371992569723
2238,2.768979876715207
2239,5.052399813071852
2240,1.4183794816055117
2241,1.7276063597328244
2242,1.4444702045280238
2243,2.9215119160291985
2244,4.762828400536288
2245,7.123926943273572
2246,0.026291278067449065
2247,10.177923024790807
2248,2.7774588290548277
2249,5.052794431832734
2250,1.415995969782986
2251,1.7289777973039595
2252,1.4517391390401164
2253,2.922522199048055
2254,4.764326102264266
2255,7.124137115054953
2256,0.026924820064512082
2257,10.177785316893976
2258,0.6542166355279014
2259,2.80483411957182
2260,1.4003623487513726
2261,0.11968878912563867
2262,1.4449666012198534
2263,1.330259542069081
2264,4.764950795164167
2265,7.123145394066285
2266,0.02648696438702417
2267,10.177813213744331
2268,0.03541771409099377
2269,2.799917324054321
2270,1.3981225169735632
2271,0.11827259185962365
2272,1.4480259680312864
2273,1.3248135649880979
2274,4.767383468184989
2275,7.125373874166477
2276,0.027060819013956305
2277,10.181050670253208
2278,0.03410705910225966
2279,2.665644019696993
2280,1.398493682237261
2281,0.11932482105516903
2282,1.4518010689070306
2283,1.3120853512173112
2284,4.765155411254735
2285,7.125082356451486
2286,0.02803031814776154
2287,0.0016083812859376994
2288,0.0015611741922455468
2289,0.0014724124146121764
2290,10.183847071620313
2291,0.03584982112441796
2292,2.6640277733948508
2293,1.4018106372069186
2294,0.11734775984684513
2295,1.4492995344797754
2296,1.3103704435011
2297,4.765503660920537
2298,7.1263612721314304
2299,1.1247230100259946
2300,0.005267537934030575
2301,0.004511491855860467
2302,0.004851620986858281
2303,0.0024371153410977908
2304,10.18494235886658
2305,0.03623405119399752
2306,2.872986675421532
2307,1.4062659366133263
2308,0.11296525160564642
2309,1.4395804713791591
2310,1.3137734004797454
2311,4.791697773425359
2312,7.126119756064936
2313,1.1468857665109669
2314,5.0741140912805776
2315,5.862454780186902
2316,2.262654483271872
2317,0.022589105068657578
2318,0.004334866669200244
2319,10.186908113750102
2320,0.035815067659775546
2321,3.598782133349618
2322,1.4052157832510868
2323,0.04451894872740951
2324,1.4257467210408168
2325,1.3147318638950076
2326,4.803023480662878
2327,7.12574065769828
2328,1.1596346953100667
2329,5.0778829654159034
2330,5.906630298795818
2331,11.327734878006286
2332,11.652408117372893
2333,0.006915748806231642
2334,10.190499061330401
2335,0.03064570552530127
2336,3.5893406217631596
2337,1.4018867409431142
2338,0.043799539020974984
2339,1.4482119522805017
2340,2.6093667492023336
2341,6.613366821759899
2342,7.125504455404414
2343,1.1756350993052287
2344,5.101146930771906
2345,5.911991839039053
2346,11.333336063441019
2347,11.659977799701391
2348,0.03617587635101874
2349,10.69197405377838
2350,1.0635345676629786
2351,3.584422475784077
2352,1.3977710664862184
2353,0.04343756612587768
2354,1.452107026280411
2355,2.61232986927326
2356,6.62162551918761
2357,7.125138391566264
2358,1.1809673967383374
2359,5.105068173648773
2360,5.913644751172594
2361,11.33572455939876
2362,11.661048242353772
2363,0.05947047656883583
2364,10.694061230898587
2365,1.0470068021815553
2366,3.582696924868952
2367,1.3977386535833167
2368,0.04736289957756628
2369,1.4538845683236392
2370,2.5018978148427693
2371,6.622129401458997
2372,7.124904753131705
2373,1.2100318245205584
2374,5.109365925256316
2375,5.9148320084850114
2376,11.337204066941469
2377,11.6593559877695
2378,0.08739120371856157
2379,10.697495356795896
2380,0.02723605477918151
2381,3.579971490768286
2382,1.3981042079632624
2383,0.04031977113313925
2384,0.10370872222802477
2385,2.4982186113342237
2386,6.622585382934594
2387,7.12477091651943
2388,1.2136867030260476
2389,5.111987808012362
2390,5.91609049223733
2391,11.338897328402435
2392,11.653636925765857
2393,0.09420926305836246
2394,10.702353587631368
2395,0.01867887323969379
2396,3.5831081268489533
2397,1.398621013593111
2398,0.04131518328949152
2399,0.10482702798360177
2400,2.537151796392706
2401,6.6287708783999
2402,7.1247732847296845
2403,1.213644204393526
2404,5.112900580362547
2405,5.916517611054979
2406,11.341261928175872
2407,11.652925814601533
2408,0.05388484360090741
2409,10.705185422144533
2410,0.007412474019182423
2411,3.5789022217609916
2412,1.3966493786899616
2413,0.05873308836901567
2414,4.129318622786448
2415,2.541653465361229
2416,8.919182819726352
2417,7.125823160410771
2418,1.2203832922117346
2419,5.119273797722986
2420,5.917388587984125
2421,11.355166175123733
2422,11.653889552210687
2423,0.27340842066789317
2424,0.005054622603032027
2425,0.03864518064170825
2426,10.710471251947572
2427,0.008061408017039664
2428,3.6483580269786002
2429,1.3982829116828026
2430,0.06349758948141263
2431,7.073586707775434
2432,2.548092117506764
2433,9.302315430698034
2434,7.127263988931717
2435,6.51474464821332
2436,8.2454367659005
2437,5.920749704104076
2438,11.59475418802436
2439,11.650970776346796
2440,3.808056663240857
2441,0.003453024726194328
2442,0.020431866636358615
2443,10.728875684833804
2444,0.01881039841684083
2445,5.125970651972796
2446,2.6907175192989383
2447,9.354327122974484
2448,9.779803109122795
2449,6.114181572553339
2450,9.329829735782251
2451,7.129323741664267
2452,7.327364630768544
2453,8.971979333986368
2454,5.967508455542145
2455,11.599048903127676
2456,6.912692189016478
2457,8.74720881325576
2458,0.005672937104739502
2459,0.011947090682852771
2460,11.643467639466499
2461,2.643522380951631
2462,6.747876550057497
2463,3.898386358243526
2464,9.366412439612002
2465,9.909373461797607
2466,6.127673736532947
2467,9.366579451442824
2468,7.133521153910003
2469,7.368117226297914
2470,8.974489977227265
2471,5.968673243957413
2472,11.603763679363118
2473,6.911275122867757
2474,8.321959461700969
2475,0.004506210324243827
2476,0.00854418124265085
2477,11.649429708955653
2478,7.793225877194138
2479,7.287477305460418
2480,6.762555680774793
2481,9.904566512645019
2482,10.223992198103685
2483,6.132501100607544
2484,9.376108393357507
2485,7.489830955654294
2486,9.677670261100177
2487,8.975811411617526
2488,5.969280745306579
2489,11.604740742203349
2490,6.686041042668963
2491,10.805501710095818
2492,0.004830865409274769
2493,0.003971338617932561
2494,11.649156357252725
2495,7.792385371460775
2496,7.3021657608711505
2497,6.767632274570488
2498,9.904513402117376
2499,10.225764268399022
2500,7.940752271910583
2501,9.391881761150204
2502,7.511414902635325
2503,10.983215695356305
2504,8.978976622033025
2505,5.970716492533706
2506,11.6065788483283
2507,6.189952220037203
2508,10.819998167818232
2509,0.009529007270217752
2510,0.0032445090764648926
2511,11.648658792934345
2512,7.488108035800407
2513,7.307450729871754
2514,6.774392677553662
2515,9.249365054499485
2516,10.210227633448097
2517,8.00068403203995
2518,11.235458574141528
2519,7.523465984395701
2520,10.984922176682284
2521,9.622860799559726
2522,10.098263269757785
2523,11.647309977774352
2524,6.175303236303835
2525,0.5765107253123398
2526,0.032959524177150805
2527,0.0035668290379517135
2528,11.647418931150977
2529,6.64441096039838
2530,9.187291025311778
2531,7.602453381167854
2532,9.249534570070425
2533,10.194232945652292
2534,9.290829934358374
2535,11.652293504702776
2536,11.658015857844157
2537,11.652753377278321
2538,10.378954316496326
2539,10.91586145302192
2540,11.675121260759976
2541,6.173639983577692
2542,0.00351272526782042
2543,0.007308740165712693
2544,0.01095381568561252
2545,11.645328788904
2546,4.487987734693326
2547,9.192908926870782
2548,11.619290113525683
2549,9.24803714417469
2550,10.190635181115068
2551,9.614754377000494
2552,11.656124457314142
2553,11.658446984999168
2554,11.650846910662262
2555,10.379832645005779
2556,10.919707115225464
2557,11.677746355891925
2558,4.55561492660418
2559,0.004446679761055985
2560,2.6492627011006187
2561,11.613024661563683
2562,4.420304575992672
2563,9.184075325200958
2564,11.614986561940066
2565,9.264369162798356
2566,10.182677586307868
2567,9.629419857022008
2568,11.656732958817415
2569,11.65800378465639
2570,10.457127909003685
2571,10.773756233863345
2572,11.676271245109012
2573,11.677534466181255
2574,0.004416309808741647
2575,0.004055439924818013
2576,0.07167821374539589
2577,0.02635035280278676
2578,0.045997749194504015
2579,0.01214052444112067
2580,0.012834234346707211
2581,9.25759392961383
2582,9.403740020382244
2583,9.90757148015583
2584,11.656493485037368
2585,11.658974816939677
2586,10.467943091328596
2587,11.677446533131485
2588,11.676289827575445
2589,11.674506919608744
2590,0.001504365693152183
2591,0.32333260207216663
2592,0.012538376015861033
2593,0.034736727022548104
2594,0.009278795135422641
2595,0.005256067609368322
2596,0.010198381620368928
2597,0.009570367129646516
2598,9.699596167957845
2599,0.00642955061672765
2600,4.079041246597643
2601,0.01575498895606859
2602,7.841762406588474
2603,0.006841909425191108
2604,0.008308310031220041
2605,0.018417055919524344
2606,0.006044190080105657
2607,0.0031811288098671647
2608,0.008627858850762928
2609,0.008322957745815398
2610,0.013349245398693439
2611,0.003705705536597746
2612,0.003466392665628028
2613,0.0016660814834282133
2614,0.0013341952827832558
2615,0.001679819813156531
2616,0.0026899305948246913
2617,0.005501681480271676
2618,0.005501910576846163
2619,0.00689988864319529
2620,0.002123020635703884
2621,0.0016821506483013415
2622,0.001127945255730665
2623,0.0008059002382493571
2624,0.0008162858515152815
2625,0.0010293132144631855
2626,0.006843208863620157
2627,0.03599898408635431
2628,0.06836676404674795
2629,0.03997586676859298
2630,0.019176035260010733
2631,0.05378860057450518
2632,0.027474997608817147
2633,0.04489861622834912
2634,0.03190731855576304
2635,0.011805676458382567
2636,0.06917864474497892
2637,0.15832548834240862
2638,0.07618446618159287
2639,0.03427926784074005
2640,0.11440126422979771
2641,0.050528552495461544
2642,0.08358407676525978
2643,0.06293440358661856
2644,0.008937573055683733
2645,0.014742128391924314
2646,0.12849583906743645
2647,0.33697648470873093
2648,0.11257798205837924
2649,0.04892138961652611
2650,0.625742630470477
2651,0.07632675447319924
2652,0.16795852648632395
2653,0.2069612579261969
2654,0.015989806444693107
2655,0.016679755226370392
2656,0.13632040616127328
2657,0.34556509872288543
2658,0.11712374480866278
2659,0.053837253955540135
2660,0.6327446680075456
2661,0.08224271384329564
2662,0.17386668036922776
2663,0.2162995461361353
2664,0.018649198977339364
2665,0.017082656739608442
2666,0.13545060697501288
2667,0.34756037149755714
2668,0.11690671080787837
2669,0.052407991774932536
2670,0.13004177132527603
2671,0.07041152123801941
2672,0.1729279367411749
2673,0.21591719289765118
2674,0.017941239806583752
2675,0.017640007281084565
2676,0.1368442468290727
2677,0.3545156976677561
2678,0.11599045597818165
2679,0.050994742294508656
2680,0.12134412048784132
2681,0.06548333546904733
2682,0.17548159816652137
2683,0.2167475239531934
2684,0.017233117576965246
2685,0.019901623294449305
2686,0.14278410986907986
2687,0.3841618324185193
2688,0.11693159416589079
2689,0.058150423679750846
2690,0.5644823767066358
2691,0.06120520936967048
2692,0.17133937167549096
2693,0.21720688444284703
2694,0.016630738224599116
2695,0.022568501279003467
2696,0.14249427329645042
2697,0.3892490115578592
2698,0.11909368713485312
2699,0.059033957916045335
2700,0.5768623710073221
2701,0.05980257748184812
2702,0.009143191542563187
2703,0.21637081955172507
2704,0.01516920416066312
2705,0.02398605986521573
2706,0.1307097275433466
2707,0.3966944905670267
2708,0.11971939196462554
2709,0.05214758278698115
2710,0.5755704234594708
2711,0.06398324560470106
2712,0.00900886854426479
2713,0.2163135289166817
2714,0.013715178065961627
2715,0.026959174889498193
2716,0.13039669565567535
2717,0.4018358714480089
2718,0.11818575183729219
2719,0.01648784215956256
2720,0.5679994167356988
2721,0.06543590788672494
2722,0.741211101600685
2723,0.21987247624810208
2724,0.013041234923500653
2725,0.009218031826396762
2726,0.031504516062043825
2727,1.0320406732311032
2728,0.40611207166473773
2729,0.11920467678231551
2730,0.01603033284427549
2731,0.5697116312140884
2732,0.07447828433297546
2733,0.7457318652166525
2734,0.21809336390212022
2735,0.009794997757590856
2736,0.005162628968684095
2737,0.03542910067582502
2738,1.0661635289793032
2739,2.262091667779437
2740,1.1676833385916427
2741,2.2333796357806204
2742,2.130757210432138
2743,1.6704700338295566
2744,0.7456692769117033
2745,0.014674331124299729
2746,0.008202456745469008
2747,0.0009405334382340537
2748,0.0008995125000521768
2749,0.0008500293537202644
2750,0.0012070013609364
2751,0.00710796257877468
2752,6.04994365421885
2753,3.2812632164484974
2754,2.2760192767996736
2755,1.175695842131631
2756,2.2318504473675715
2757,2.0798710235741122
2758,1.6573292225232692
2759,1.6485233822578704
2760,0.014531330697250652
2761,0.011078633472280799
2762,0.0019140504262839667
2763,0.0020762787861978525
2764,0.0023872812660727617
2765,0.0024067346809634057
2766,0.0029885023304200824
2767,6.0529354809492375
2768,4.137192518367104
2769,5.105929580922065
2770,3.1608225389855504
2771,2.224851923424607
2772,2.0822715652282406
2773,1.6575470496561229
2774,1.6952733695378452
2775,0.6016454339636497
2776,5.376829773829145
2777,6.061256167546104
2778,0.33191157116756076
2779,1.8965933091529386
2780,2.865707923766484
2781,0.0020268958613077403
2782,6.055384871023652
2783,4.142968263470051
2784,5.10647326859592
2785,3.166535986629299
2786,2.2214000227198363
2787,2.0856064800828977
2788,5.288522955919625
2789,5.8676663288013735
2790,3.2463064665941928
2791,6.025558526310458
2792,6.066381444142403
2793,5.860533850549566
2794,1.9030789002827506
2795,2.86768222164764
2796,0.003729600907193879
2797,0.006021280982865875
2798,6.0582678722667245
2799,4.144438399768373
2800,5.1053790989694185
2801,3.1686755103492295
2802,2.196270417882529
2803,2.0818475561244805
2804,5.3290083087693345
2805,5.203877644526798
2806,3.2456226878288614
2807,6.026405115682531
2808,6.066352955933507
2809,6.038515799027217
2810,1.9063151886181768
2811,0.012629282505964415
2812,0.005010981422070995
2813,0.01305029839350997
2814,6.0575129243330785
2815,4.120314908266956
2816,5.104500396883518
2817,3.173250350540139
2818,2.19452472814766
2819,2.8107216617106547
2820,5.728069955541869
2821,5.185723643395472
2822,3.2455820367682895
2823,5.700877529776242
2824,6.01477857391298
2825,6.069096264398869
2826,6.071985702001596
2827,0.010312385222725673
2828,0.006926514125333252
2829,0.0040912609249727
2830,6.053644307904466
2831,4.091397802697797
2832,5.101700050145724
2833,3.1700036596898746
2834,2.1807067681427865
2835,3.3498982204496532
2836,5.774946936373934
2837,5.180194568972546
2838,5.8453949767978335
2839,5.701974353934261
2840,4.747637940591842
2841,6.068824128219392
2842,6.072012826076113
2843,0.010208520089198344
2844,0.009802600594454635
2845,0.006707562160365432
2846,6.051862410735391
2847,0.2612130216584382
2848,5.099646175916531
2849,3.1598253516712216
2850,0.13518363468243344
2851,3.2421702381646775
2852,5.785582160661676
2853,4.913230567641909
2854,5.845627483851857
2855,5.7029160886343995
2856,4.342786997439786
2857,1.6339553619633016
2858,5.592436523652835
2859,0.00230137560625297
2860,0.003413023197762312
2861,0.01149142983195999
2862,6.046174597331634
2863,0.02981146376686122
2864,5.209602308316465
2865,5.785932033715094
2866,0.1416023969052514
2867,3.235247220318682
2868,5.974854148500711
2869,4.061808795097406
2870,5.825473213426826
2871,3.8617007158612804
2872,4.232388631529768
2873,0.34393228130923803
2874,5.585656599471096
2875,0.0029360981600742007
2876,0.0013638579638985727
2877,0.012130618855299037
2878,5.771627035332745
2879,0.03089805019709049
2880,6.031942081576343
2881,5.888080010878014
2882,0.6490265575740577
2883,3.226313251236672
2884,5.974376909935616
2885,3.162895007836461
2886,4.186587232511864
2887,3.769233947719591
2888,4.231254534199425
2889,0.3321279133896127
2890,5.58194432615574
2891,2.1562007957381186
2892,0.0012414174196282363
2893,0.001281468314739996
2894,5.253772951079257
2895,1.8996135598083508
2896,6.032659334447909
2897,5.515933869792722
2898,0.6130129704255686
2899,2.7322081079696496
2900,5.9565227372755585
2901,3.1557160795884
2902,3.759505856249417
2903,0.7824666079056466
2904,3.748900351958863
2905,0.01577268403860931
2906,2.6184273900333186
2907,2.155671999176971
2908,0.00444063214067574
2909,0.0013750118577755637
2910,0.05161113492145759
2911,1.902719114888203
2912,6.0338328850493115
2913,5.5134914098401255
2914,0.008367276477308594
2915,2.731848334356836
2916,5.4291401506757735
2917,3.1437542425756932
2918,2.1385461462149618
2919,0.07433303711694784
2920,3.626843748547544
2921,0.012657304101947412
2922,2.617967055427281
2923,2.3520104577619447
2924,2.0086547290413725
2925,0.002747338629623952
2926,0.03892792645656799
2927,1.8971488245158825
2928,6.032658861472868
2929,5.537963876169896
2930,0.013392946242971944
2931,4.653306478755401
2932,4.738080435864483
2933,2.772567242898251
2934,1.895746715064736
2935,0.013543600699126128
2936,3.6263372520935375
2937,0.012457709122811888
2938,2.618053114427379
2939,1.2051029213488789
2940,2.0069476282095615
2941,0.005267354999008353
2942,0.019557675053831273
2943,0.0049408314038322685
2944,0.014516139317630386
2945,5.608270264433175
2946,0.04945938082781702
2947,4.714810995284444
2948,4.693299229904338
2949,2.760558826488574
2950,1.8896578942434057
2951,0.012242547145735064
2952,3.6266692373261837
2953,0.012337765976145694
2954,2.6176407626564684
2955,1.2027594856000903
2956,2.046759347524031
2957,0.07204417130660695
2958,0.011789420768852194
2959,5.652842700209483
2960,0.9417162801628056
2961,4.802881634246026
2962,4.689045641610965
2963,0.2347172206087318
2964,0.06070664245223327
2965,0.010253862952246182
2966,0.5085859728368777
2967,0.01039069480661714
2968,1.8100227271069902
2969,1.2197467141006553
2970,4.760315678860115
2971,0.0073515891796570535
2972,0.008660099210385463
2973,5.648721874841947
2974,3.224946640452323
2975,4.803905361238663
2976,4.65192981280209
2977,0.06913975792114181
2978,0.036600800566904686
2979,0.010485016427404906
2980,0.5057666365823961
2981,0.009888014624476327
2982,1.8081524678757543
2983,2.037359213913968
2984,4.776776002096142
2985,0.005300476480904866
2986,0.008616491150383637
2987,5.6490767033068
2988,3.239367779943178
2989,4.7981096765894025
2990,3.5391133505569665
2991,0.06358195897784463
2992,0.03537895503433657
2993,0.012084563689187951
2994,0.5044852513215875
2995,0.009992547533317058
2996,1.8070242267259633
2997,2.0357281876929476
2998,6.037010443230994
2999,3.661994324299215
3000,0.006938882522559651
3001,0.038406940967307256
3002,3.218803431010603
3003,2.7032602767131344
3004,0.029839184415475593
3005,0.04498821004891448
3006,0.03055707902393223
3007,0.012405368594667272
3008,0.5024085022447371
3009,0.010011165394087912
3010,1.804441639054894
3011,1.9957901142563421
3012,6.035520485201731
3013,0.5696355144418008
3014,0.003599034313441098
3015,0.03593526971999987
3016,3.2053256881684073
3017,0.007361523255482318
3018,0.024619713223972464
3019,0.03532257013788149
3020,0.026006521035639527
3021,0.011960347924967933
3022,0.4882449213673536
3023,0.008598273159656849
3024,0.7320820884722419
3025,0.05667381320501371
3026,0.04566633383537837
3027,0.033418652358534334
3028,3.2040955135296434
3029,0.006981071768409726
3030,0.015488905037956477
3031,0.01694979020642516
3032,0.016338860503059254
3033,0.009227281973322694
3034,0.4143442423162484
3035,0.006913175256265312
3036,0.023560971132605735
3037,0.019353548363396103
3038,0.012799885427091014
3039,0.02811891203774435
3040,3.185717087186307
3041,0.00487154854112691
3042,0.008281293651942278
3043,0.008344207889094717
3044,0.0075686383026501245
3045,0.004588694962099293
3046,0.034779804622046745
3047,0.005324372555776669
3048,0.016879244767264413
3049,0.008614753759868168
3050,0.014491893580147824
3051,2.2448775430386156
3052,0.01546645159321736
3053,0.002895378079820507
3054,0.008014918645759317
3055,0.009545927444238687
3056,0.011094232648890676
3057,0.009011353221498056
3058,0.008077123855090091
3059,0.00814437832969654
3060,0.013353705468198227
3061,0.008155808219284504
3062,0.014138835096635157
3063,0.017158347851450144
3064,0.01449189497037198
3065,0.011876379545098825
3066,0.08634595218163207
3067,0.007980389619491497
3068,0.013009166005020834
3069,0.005573876738334021
3070,0.013021710036826556
3071,0.031453012779930706
3072,0.016671753764533132
3073,0.018527836886221873
3074,0.022459222553457624
3075,0.01782920617996164
3076,0.018866798425195237
3077,0.007137771766406517
3078,0.021025505498649327
3079,0.01230463176962847
3080,0.01811632243655703
3081,0.013021527660475752
3082,0.017913683279737466
3083,0.03721303739446721
3084,2.782749466156445
3085,3.9743292250064304
3086,3.2153750003979686
3087,4.95744071150955
3088,0.039488610034601815
3089,0.012836885843389366
3090,0.004433664778151974
3091,0.03925726447969562
3092,4.641058606389685
3093,0.07080394209176057
3094,2.494802711974807
3095,2.6516242455992325
3096,0.03694636389458586
3097,2.78444228040147
3098,4.014308185904113
3099,5.191810413302702
3100,5.217129887085393
3101,0.03824678414740412
3102,0.01576352547009434
3103,0.007254495383410349
3104,0.010243874950632725
3105,4.644687278270083
3106,0.07230788855051809
3107,2.495668600069943
3108,2.6547500515188203
3109,0.03861239105292359
3110,2.765375917279535
3111,4.01236279985467
3112,5.190636427713981
3113,5.218961143115493
3114,0.010295670015291407
3115,0.016319303944196513
3116,0.009125680762930936
3117,0.005700366500463814
3118,0.004738155709025925
3119,4.640773348742553
3120,0.07189651295940835
3121,2.4896326126032866
3122,2.6572010870689384
3123,0.04217851951501503
3124,2.758438695744166
3125,2.6346291685058816
3126,3.0447638814531808
3127,5.222185952263615
3128,0.020307613574078
3129,0.02026265540972446
3130,3.8897581401380275
3131,0.02684423518395884
3132,0.01227326866740014
3133,4.662012874106066
3134,0.07018636784005938
3135,2.291528145661496
3136,2.969844168579835
3137,0.2699363885909782
3138,2.7822891373845433
3139,2.63196120908639
3140,0.25347871603613836
3141,6.303173813806007
3142,2.8121100566615365
3143,1.2173675064491682
3144,5.904438626814818
3145,0.03110671589196469
3146,0.007104357199803439
3147,2.745070160575889
3148,0.06985267427659064
3149,2.289899293890699
3150,2.9723409928584483
3151,0.2639142420776359
3152,2.780724139243944
3153,2.6314393148997737
3154,0.21676203335337568
3155,6.303780378510917
3156,2.810243840572984
3157,1.2341624434212286
3158,5.905673613428332
3159,0.031483126323732076
3160,0.006427108980213394
3161,2.738047425238835
3162,2.851317640769395
3163,2.2947401548768886
3164,2.9763027903686257
3165,0.26308310433188264
3166,3.4119674971374945
3167,2.636246290687365
3168,0.21037930849735587
3169,6.3017731562784105
3170,2.820340242261304
3171,1.2340059073234413
3172,5.905379530765153
3173,0.03143422024814979
3174,0.011777789245800547
3175,2.748300012626457
3176,6.285559533555016
3177,3.916191756453891
3178,4.83325738390185
3179,2.358932283713038
3180,6.213177880928322
3181,3.5758668091416235
3182,0.20836139945017623
3183,6.300424682941791
3184,2.8205041923839205
3185,1.2216305631440625
3186,5.867553920268388
3187,0.029935886908533174
3188,0.005342843523056719
3189,2.730734016816549
3190,6.287795621287069
3191,3.9172954019445783
3192,4.835108302350012
3193,2.367762238298252
3194,6.216873061179994
3195,4.834022491568475
3196,0.031635291566427144
3197,3.7351787388936826
3198,0.05090755890936936
3199,1.2138750692201186
3200,4.885922672755359
3201,0.008113628624761001
3202,0.004122935308670502
3203,2.725359888365728
3204,6.289037995857813
3205,3.911751328987831
3206,4.832556298366825
3207,2.3442396465650215
3208,4.74374195959546
3209,4.844044252463714
3210,0.024766287025030483
3211,3.732611355014609
3212,0.0070123113040899045
3213,0.01226192010329339
3214,3.452788375467269
3215,0.0036460185330103724
3216,0.003873455234388527
3217,2.727826526779016
3218,6.289336591740836
3219,3.2450434613886054
3220,4.824881509931099
3221,2.3328086360259563
3222,4.74333622774691
3223,4.851051868936513
3224,0.03129124975723474
3225,3.731451502268662
3226,0.0020975671402161645
3227,0.0010473084668414154
3228,0.0010517233439331529
3229,0.0014589778728495892
3230,0.0006664106134343998
3231,1.0332003245881887
3232,6.28364103059553
3233,2.470133499207724
3234,4.761884359315981
3235,0.05801490250292989
3236,4.072378089967139
3237,1.7719630447005477
3238,0.030023903986898724
3239,2.545087180230261
3240,0.0030650585703138884
3241,0.003677631509834592
3242,0.0014302067300575674
3243,0.0015362650389722141
3244,0.0027113920720395293
3245,0.4710341200589668
3246,6.276867344199596
3247,2.429971609610547
3248,3.8693563359912764
3249,0.051217028840075174
3250,4.06761664750162
3251,1.6182404695113584
3252,0.0317816772141949
3253,2.5393208607626763
3254,0.0040010081579671414
3255,0.25672239931370433
3256,0.007356131344825989
3257,0.011591267596408264
3258,0.4141912255865461
3259,0.4902375150385345
3260,6.276810966415122
3261,2.424063958135044
3262,3.864959339938147
3263,0.05905261475914887
3264,4.077694584273106
3265,1.6187387336703103
3266,0.033357843626452034
3267,2.5369587113731535
3268,0.04291347185334421
3269,2.0292778575952606
3270,0.023134055957766637
3271,0.49290281659023394
3272,0.43451315423968173
3273,0.0009087670532412002
3274,0.541867667280942
3275,6.278254966482263
3276,2.4043309297557833
3277,3.853889749379826
3278,0.05934299908620769
3279,4.079933910447927
3280,1.6259206483469808
3281,0.05642907305909111
3282,2.535007233060033
3283,3.0427527310885605
3284,2.0371243674025648
3285,0.03853655447273233
3286,1.9326489033122103
3287,0.5023915917363818
3288,0.0015445304249666802
3289,0.5419765833491774
3290,6.279447599367342
3291,2.4036625146500974
3292,3.853601488788644
3293,0.921401890903113
3294,4.07285812287648
3295,0.6665451028219692
3296,0.059630424088336104
3297,2.5290061437580142
3298,3.043140714372448
3299,5.026805123508381
3300,0.4136208250246457
3301,6.285023256805687
3302,6.320387741368136
3303,0.0022420569806547806
3304,0.5482818562061946
3305,6.282618086669646
3306,2.4025718917033516
3307,3.853253756390297
3308,2.1067602841890842
3309,4.062486685674409
3310,0.5598126545854903
3311,1.108337992204403
3312,2.528520432386019
3313,3.035502217659234
3314,5.072796383152227
3315,0.41409683499598865
3316,6.2852628881986705
3317,6.323856126077599
3318,0.002821767926919981
3319,2.065043299910989
3320,6.296872641044953
3321,2.402822931279456
3322,3.8544746292651473
3323,2.1159377082501383
3324,4.061269303689942
3325,0.556205564899557
3326,1.1122410239740335
3327,2.5342697941220123
3328,3.3482593345196667
3329,5.074608648057879
3330,0.4127443374375753
3331,3.3848178632861217
3332,6.32762148499205
3333,0.2082313177322376
3334,2.0248342095013503
3335,6.294209238092514
3336,4.5814811571598835
3337,4.502711628012547
3338,2.1146564346247376
3339,2.9492489804027198
3340,0.4939660736824008
3341,1.1054348068293378
3342,2.535292393138951
3343,3.3557393227618864
3344,5.073116548513591
3345,0.40968021987932246
3346,3.382905131422263
3347,6.329176778563243
3348,2.6157700959972257
3349,0.012593051443964982
3350,0.014059157730607284
3351,4.582968017069014
3352,4.8819175412394396
3353,1.441098397838827
3354,1.3699223155032967
3355,0.4904030201302805
3356,0.6343830718833122
3357,2.5347019271271733
3358,3.3575794439387328
3359,4.11983500293971
3360,0.33860391711227944
3361,3.3831570429314697
3362,2.535485143100592
3363,2.6149074797577114
3364,0.0008326138713036958
3365,0.005598276085921659
3366,0.011683543053383035
3367,0.011643164355924138
3368,4.69783490442986
3369,1.1517992222874547
3370,0.5743413787337195
3371,0.46537261446974665
3372,0.6270653344141718
3373,1.9607530122584866
3374,3.358694406288276
3375,4.119924190724951
3376,0.33443443928586297
3377,3.384817644188002
3378,0.15734819395221186
3379,5.297506065120892
3380,2.019466212663847
3381,0.011200811413101289
3382,0.008028699202192591
3383,4.695760143833212
3384,0.45958721599461505
3385,0.12317103553976641
3386,0.09816920926315889
3387,0.625222648991307
3388,1.959434271629631
3389,3.3577168771380883
3390,4.120161279961918
3391,0.3141633133196581
3392,3.385603900568773
3393,0.15767405712811527
3394,6.322370843002222
3395,1.9875594313403415
3396,0.010579603248499006
3397,0.008030079383450895
3398,4.70382135077736
3399,0.049480131218719296
3400,0.1213565377593543
3401,0.0992722276792255
3402,0.6243971384896886
3403,1.9584705402777762
3404,3.349804250594885
3405,4.121356843039
3406,0.12732219065909556
3407,3.3873074260917657
3408,0.15745728613191257
3409,6.323315197515585
3410,0.21617510999360437
3411,0.00993047469327691
3412,0.010961680196691493
3413,5.139460669979713
3414,0.048805976761823536
3415,0.12203559632744278
3416,0.11759213159021517
3417,0.6353610858633871
3418,1.9565259595132538
3419,2.6481897368330936
3420,4.122170667545903
3421,0.1265150252232073
3422,3.388774824132927
3423,0.15713195328857893
3424,6.3257640267532995
3425,4.419179806802057
3426,0.008657632692345589
3427,0.011925479991664024
3428,5.140247619703089
3429,0.05472048683128496
3430,0.1118087956749941
3431,0.12122551466467862
3432,0.6347773568933924
3433,1.945001017896216
3434,2.642032104457018
3435,3.8731246010681097
3436,0.12589858805008614
3437,3.3906929165214237
3438,0.15570854961088992
3439,6.325326959165378
3440,4.5001488732675
3441,0.004687500649827912
3442,0.01097562819691969
3443,5.139503949102109
3444,0.22957655560260443
3445,0.10657114639800333
3446,0.1210606736376506
3447,0.5039527489094556
3448,0.2300593861426946
3449,2.6422899713436494
3450,2.8197680418827273
3451,0.12154969894450625
3452,1.2322480810731649
3453,0.15053718331732807
3454,6.3235680578867814
3455,4.5061474765572305
3456,0.004069758402257763
3457,0.032151216368393465
3458,1.8856952191439795
3459,0.10273742340831055
3460,0.12917349788916896
3461,0.5029554037506524
3462,0.2288960814521947
3463,2.6945331648580044
3464,2.816732881076156
3465,0.11915137203420786
3466,0.09647817833861554
3467,0.15001437909516163
3468,6.289838167028464
3469,0.016917965871244167
3470,0.03001393463979251
3471,1.8876645345522958
3472,0.07772482550675949
3473,0.12441174901172658
3474,0.4995722755243389
3475,0.22767186364135
3476,2.700310048404687
3477,2.8151656840990475
3478,0.11877571008987228
3479,0.09400444948171872
3480,0.14852037390250908
3481,4.407738525914489
3482,0.026459645300372526
3483,0.06451579981143346
3484,0.011023090660316337
3485,0.010623158372165214
3486,0.011706865984895318
3487,0.025963617574140584
3488,2.6885511014527186
3489,2.8109822920756273
3490,0.11740687787114269
3491,0.09116536104638487
3492,0.14359611156816682
3493,0.03856292851616015
3494,0.022037570088329097
3495,0.04675077645424055
3496,0.0057693469228592455
3497,0.005412002370138053
3498,0.005383933626825574
3499,0.00720642468792012
3500,0.026156435962527414
3501,0.022519055300863608
3502,0.042075941459411154
3503,0.03075564325815087
3504,0.01438853045097644
3505,0.014901001870671709
3506,0.011381128010944491
3507,0.0236543206471281
3508,0.012249947159478313
3509,0.009779473205801447
3510,0.015585929034206839
3511,0.012487453694079427
3512,0.011419404943226666
3513,0.01809168119546148
3514,0.012382606591489263
3515,0.018994776813723666
3516,0.03140636034792638
3517,0.03817659590185721
3518,0.0035436362617137043
3519,0.01662627956318298
3520,0.01742576397753978
3521,0.012320072027083651
3522,0.005679028908424551
3523,0.010346638067555362
3524,0.019063357758996556
3525,0.02391764313125008
3526,0.041806033863117154
3527,0.08318583032983615
3528,0.005499547472894725
3529,0.007607116186407899
3530,0.014122451934387388
3531,0.026083370708072737
3532,0.031404164779060016
3533,0.02237877705102988
3534,0.009312964687424988
3535,0.023718447853466502
3536,0.05345530365808905
3537,2.997265929848742
3538,0.05593923260824694
3539,0.15322261239454651
3540,0.006464544056641557
3541,0.014434056490108774
3542,0.02506109695213058
3543,0.03552545223468566
3544,2.5922432714461254
3545,1.729657089238829
3546,0.015382879956204626
3547,2.2851575592462035
3548,1.2252886536176368
3549,3.0010399101686396
3550,0.0563797197907253
3551,0.16996758474509724
3552,0.023361059360257716
3553,0.6463511186751277
3554,0.04689261631775252
3555,0.005563466631970892
3556,0.16689137301012633
3557,3.080388002109202
3558,2.541916994042224
3559,4.508294322804962
3560,2.290441674808355
3561,1.2228130900900753
3562,2.1372491829993825
3563,0.05638524765962812
3564,0.1904660538752203
3565,0.024085965499301205
3566,2.503900350298386
3567,0.41854707076314773
3568,0.007820361244037285
3569,0.19735619419140796
3570,3.079969774193553
3571,2.541523337388386
3572,4.510544711132444
3573,2.2943863038949437
3574,1.2247613547622578
3575,2.1320020696871604
3576,0.055088224562412635
3577,0.1910597875320937
3578,0.020861131473816526
3579,2.5050120170599692
3580,0.41705079186808447
3581,0.00627633860714271
3582,0.1972497327288553
3583,3.0771070359043247
3584,1.7382731417265527
3585,4.490789988628579
3586,2.2029333737274497
3587,1.2559739687007199
3588,2.1311388933886533
3589,0.03501309935105048
3590,0.18991602552501197
3591,0.008745302847213175
3592,2.5046435096570354
3593,0.10522311409929813
3594,0.003160930936571163
3595,0.19626904917663118
3596,3.0824855286619526
3597,1.7341628493729584
3598,2.343395182720564
3599,1.717829778928888
3600,1.4539662395056936
3601,2.1508019664337272
3602,0.029953195538116012
3603,0.1902933312181885
3604,0.0057613330236649584
3605,0.002093565077632954
3606,0.0077558853103989675
3607,0.0026646750170885043
3608,3.0153048336629413
3609,3.0880595747219863
3610,1.7302874368412309
3611,2.34249688444698
3612,1.7174889817159358
3613,1.4656443374736774
3614,2.169701490372797
3615,0.02928866181722565
3616,0.1905858883852549
3617,0.005095099749811933
3618,0.0023763691050942733
3619,0.007555153460036122
3620,0.0029969196114708603
3621,3.026263631742347
3622,3.088781257369582
3623,1.72865147274302
3624,2.3430823145151423
3625,1.725666104605145
3626,1.4694678589704442
3627,2.1721768557793033
3628,0.25166598446933164
3629,0.37997007648683423
3630,0.010004031745987536
3631,0.05261281362151911
3632,0.8813838941202501
3633,0.004529378592530922
3634,3.494192335927568
3635,3.0906992674387235
3636,1.7280431873094122
3637,2.3428266356139904
3638,1.8105181441878022
3639,1.4769720273543303
3640,2.1724942730989643
3641,0.2609491000266406
3642,0.6671885104417833
3643,1.3855933687634339
3644,0.07342146868731486
3645,2.714007784287843
3646,0.0067283931402054645
3647,6.193996832941985
3648,3.228332114169498
3649,1.7305627988103152
3650,2.342844194524638
3651,1.8242495464729913
3652,1.4814152617963865
3653,2.1731126005564696
3654,3.5751258188794415
3655,4.702818965971187
3656,1.3926968385217517
3657,0.0748689435566268
3658,3.35921092769255
3659,0.011337899730853715
3660,6.196372482398658
3661,3.9239659530628357
3662,2.8918502200777874
3663,2.3439794719875535
3664,4.365958348474821
3665,1.4835756212507898
3666,2.172436584059456
3667,3.575696622011283
3668,4.706920025285252
3669,1.3942869194170129
3670,0.08977936964661948
3671,3.365129574919749
3672,1.806786428330875
3673,0.0049761112047737475
3674,4.057687660901954
3675,3.9263360691332827
3676,2.8948629765932585
3677,2.342441490594291
3678,4.386803433161187
3679,1.4866602454313056
3680,2.172118205989316
3681,3.575852295582219
3682,4.709283538719184
3683,1.3944351761390161
3684,0.0958319209459446
3685,3.3664471385515133
3686,3.381928029645369
3687,1.7372011318758072
3688,3.167921915637073
3689,3.9208294824230623
3690,1.3507714866950329
3691,1.7187686969155225
3692,4.49408103004648
3693,4.349459009259274
3694,2.1848346774782246
3695,3.578217527892217
3696,4.719194547752159
3697,1.3944801340197128
3698,0.09953528798860643
3699,3.3668714150553085
3700,3.3843437640522547
3701,1.7381789209480902
3702,3.0738822112305084
3703,3.9142543022401575
3704,1.3336978289624528
3705,1.717958313436716
3706,4.504516338967844
3707,4.348818369441692
3708,4.338399657191168
3709,3.589295102936885
3710,4.725534089225429
3711,1.3919002195596
3712,0.10027701413000094
3713,3.3662650515335404
3714,0.9469899124605912
3715,1.723494723557263
3716,3.062932103085397
3717,3.9161176948922356
3718,1.3341169352499482
3719,1.7190500753028104
3720,4.504544246350399
3721,4.345446525754163
3722,4.340217766801245
3723,3.5939647716439485
3724,4.729537872262141
3725,0.8275058978913427
3726,0.09989249839297161
3727,3.365191697835127
3728,0.029470844317829294
3729,0.027014552926403482
3730,0.36897661102522195
3731,3.9188217603103004
3732,1.3539924685079414
3733,2.80638622516085
3734,4.493946756750793
3735,4.341793776047354
3736,4.341642658521048
3737,3.5947931095069148
3738,4.734437619655467
3739,0.8227782912521476
3740,0.09938099930910699
3741,3.3665273699007043
3742,0.02836978851680046
3743,0.01885694742460404
3744,0.0010683128000560358
3745,0.36424894083473053
3746,3.9825399687580996
3747,2.842014715783044
3748,2.806677410790891
3749,4.490539724254858
3750,4.342658656697212
3751,5.255672828257735
3752,3.5967800554026033
3753,6.071917709053589
3754,0.8220214321706276
3755,0.09883867200764189
3756,4.412825867604693
3757,0.08961086558598856
3758,0.018342384481037474
3759,0.0008352201646379781
3760,0.32929496149780785
3761,3.980239389137371
3762,0.007579349829044361
3763,2.8041518260742806
3764,4.494427847551884
3765,5.39658134554593
3766,5.313314060449061
3767,3.9247984024786073
3768,6.196808636975299
3769,0.8234745308303009
3770,0.09906766253248543
3771,4.412920168718027
3772,0.6114879538346427
3773,4.643930964087622
3774,0.019784040905482508
3775,0.0020738850975377332
3776,2.653584651635069
3777,0.00849222282694952
3778,3.544390634503582
3779,5.719155362259901
3780,5.4158175050337185
3781,5.316284746850032
3782,3.9371706119674172
3783,6.2003007382294255
3784,1.4405514041453955
3785,0.10245743786353519
3786,4.414169416464815
3787,0.6120959540274448
3788,4.644409689820295
3789,6.052162288020309
3790,0.001154613105775909
3791,0.002034757402978607
3792,2.653797377912957
3793,0.02191913373103674
3794,3.5495239227666033
3795,5.718785263610229
3796,5.47057589509399
3797,5.318948158604093
3798,3.9446127705948526
3799,6.3403905386615875
3800,2.502670689867708
3801,0.10270505369237919
3802,4.412514226892099
3803,0.612279172620651
3804,4.644033627706636
3805,6.054007570582116
3806,0.0007150769630995267
3807,0.021570946869078407
3808,4.9833993531685925
3809,1.1351043981230717
3810,3.5446285862900084
3811,5.048522711790598
3812,5.671034087224298
3813,5.32214406975722
3814,3.9480637861985053
3815,6.354861692122149
3816,2.507063732518473
3817,0.10154927584182419
3818,4.411525008887515
3819,0.613132480615062
3820,1.532813806720177
3821,6.0528235853657755
3822,0.0014181790953101791
3823,0.09047937986240127
3824,4.985393247702351
3825,1.1399650420902527
3826,3.542857936423952
3827,5.050471816513618
3828,6.133545214033599
3829,5.332871610390311
3830,3.947126527347663
3831,6.354586063066243
3832,2.666485182525582
3833,0.10175869747993437
3834,4.411717535123927
3835,0.6137147785917596
3836,1.528683696894565
3837,3.747112010973098
3838,0.18073827529670805
3839,0.024359041396508997
3840,0.6947825332531896
3841,0.3264867782054688
3842,3.52678119232234
3843,5.0508039489998575
3844,6.287013950794424
3845,5.338868556504418
3846,3.9410982208326653
3847,6.3524024295488
3848,3.8957423229585055
3849,0.10371398781747274
3850,4.412628175771686
3851,0.6160474849369117
3852,1.5283653732416935
3853,3.702600099154641
3854,0.027626336648718525
3855,0.018568909665495428
3856,0.012056997619953436
3857,0.01749525916666996
3858,3.52068907554645
3859,5.040337474228622
3860,6.281466983887309
3861,5.3401714166976015
3862,5.302894160771388
3863,6.3525864751372145
3864,3.898649190662577
3865,0.7363814075161063
3866,5.934756226092035
3867,2.816887227761306
3868,1.5290892913929075
3869,3.7035545760572264
3870,0.005829773708366139
3871,0.010785619820656234
3872,0.007973961033994934
3873,0.013766398905663555
3874,1.8342642430807858
3875,4.778859672962145
3876,5.349633164191145
3877,5.341085452578822
3878,5.516094050534662
3879,6.353708527261802
3880,4.934322222571463
3881,3.8506959901489255
3882,5.941521901181681
3883,2.9931207136477447
3884,1.5307238498067404
3885,4.009991061101506
3886,0.005016833923763033
3887,0.004683462802367984
3888,0.009499552249462775
3889,0.048070617761383605
3890,4.777579525420659
3891,5.3400155547236325
3892,5.414364896974345
3893,6.309476697685184
3894,6.354493218375614
3895,5.760048548361622
3896,3.8504751399194843
3897,5.931261600780412
3898,2.9947351170707814
3899,1.53080425634304
3900,3.416378031498765
3901,0.0019522204153557595
3902,0.004733064910586743
3903,0.038667457624937215
3904,4.7744636230455315
3905,5.336125496508848
3906,5.450662996462926
3907,6.308658848333982
3908,6.310803757070457
3909,0.0098843085336743
3910,0.005118606581387191
3911,0.003859609085090238
3912,2.9945962979918117
3913,1.5298032920206308
3914,0.015535979554791907
3915,0.003419166196569612
3916,0.026540402588329105
3917,3.242287169291473
3918,4.69662849324936
3919,4.286845088086697
3920,0.005608477191784818
3921,0.004209891967613295
3922,0.0028579829015069843
3923,0.0036479763918514947
3924,0.0037718187057481727
3925,0.004905930107202574
3926,0.006384213380233175
3927,0.010648263997583696
3928,0.008810122675478232
3929,0.01966550951968099
3930,0.016659237316384506
3931,0.008088426526988487
3932,0.0039930609974529645
3933,0.003580202141668909
3934,0.0031782080933074157
3935,0.0017706335174581815
3936,0.0031908047190804924
3937,0.0035107027263086284
3938,0.0034170490844873565
3939,0.004590505392901221
3940,0.004310536707702726
3941,0.009752085329805735
3942,0.007478691800066884
3943,0.007452992922949206
3944,0.002623613070411377
3945,0.002322781514251293
3946,0.001890561210216735
3947,0.0019056791991139358
3948,0.0020524210831911185
3949,0.0020568869433605927
3950,0.002484461397248342
3951,0.00500467573492986
